-- phpMyAdmin SQL Dump
-- version 3.4.5
-- http://www.phpmyadmin.net
--
-- Host: localhost
-- Generation Time: Feb 02, 2014 at 08:07 AM
-- Server version: 5.5.16
-- PHP Version: 5.3.8

SET SQL_MODE="NO_AUTO_VALUE_ON_ZERO";
SET time_zone = "+00:00";


/*!40101 SET @OLD_CHARACTER_SET_CLIENT=@@CHARACTER_SET_CLIENT */;
/*!40101 SET @OLD_CHARACTER_SET_RESULTS=@@CHARACTER_SET_RESULTS */;
/*!40101 SET @OLD_COLLATION_CONNECTION=@@COLLATION_CONNECTION */;
/*!40101 SET NAMES utf8 */;

--
-- Database: `db_bridgeway`
--

-- --------------------------------------------------------

--
-- Table structure for table `employees`
--

CREATE TABLE IF NOT EXISTS `employees` (
  `employee_id` int(11) NOT NULL AUTO_INCREMENT,
  `firstname` varchar(100) NOT NULL,
  `middle_initial` varchar(100) NOT NULL,
  `lastname` varchar(100) NOT NULL,
  `address1` varchar(100) NOT NULL,
  `birthdate` varchar(100) NOT NULL,
  `email` varchar(100) NOT NULL,
  `position` varchar(100) NOT NULL,
  `hire_date` varchar(100) NOT NULL,
  `department` varchar(100) NOT NULL,
  `edu_vocational` varchar(100) NOT NULL,
  `edu_college` varchar(100) NOT NULL,
  `edu_secondary` varchar(100) NOT NULL,
  `edu_elementary` varchar(100) NOT NULL,
  `status` varchar(100) NOT NULL,
  `cellphone` varchar(100) NOT NULL,
  `telephone` varchar(100) NOT NULL,
  `date_applied` varchar(100) NOT NULL,
  `date_decline` varchar(100) NOT NULL,
  `employee_reference` varchar(100) NOT NULL,
  `barcode` varchar(1000) NOT NULL,
  `id_images` varchar(100) NOT NULL,
  `civil_status` varchar(100) NOT NULL,
  PRIMARY KEY (`employee_id`),
  KEY `employee_id` (`employee_id`),
  KEY `firstname` (`firstname`,`middle_initial`)
) ENGINE=InnoDB  DEFAULT CHARSET=latin1 AUTO_INCREMENT=43 ;

--
-- Dumping data for table `employees`
--

INSERT INTO `employees` (`employee_id`, `firstname`, `middle_initial`, `lastname`, `address1`, `birthdate`, `email`, `position`, `hire_date`, `department`, `edu_vocational`, `edu_college`, `edu_secondary`, `edu_elementary`, `status`, `cellphone`, `telephone`, `date_applied`, `date_decline`, `employee_reference`, `barcode`, `id_images`, `civil_status`) VALUES
(25, 'Juan', 'C', 'Flavier', 'Cainta Life Homes', '11/13/1982', 'flavio@hotmail.com', 'Sales Agent', '2012-9-10 17:20:10', '', '', '', '', '', 'decline', '09256855555', '', '', '2014-01-01 10:43:01', 'BRW-00025', '4809010508898', '', 'married'),
(27, 'Christopher', 'Lanio', 'Marasigan', 'Fords Street Taniman bayan Cubao Quezon City', '04/06/1993', 'assman_34533@yahoo.com', 'Sales Manager', '2014-01-10 12:04:15', '', '', 'New York State University', 'Afternoon High School', 'Morning Elementary', 'hired', '09183566855', '8885556', '2012-11-12 00:13:56', '2014-01-10 12:04:07', 'BRW-00027', '48037877', '-1.jpg', 'single'),
(30, 'Linda', 'D', 'Curtis', '144 Antipolo City', '02/31/1970', 'lcurtis@hotmail.com', 'Cashier', '2012-10-16 00:13:33', '', '', 'Ateneo Manila', 'Rizal Technology', 'Antipolo Elementary', 'hired', '09144587854', '8659955', '2012-10-13 00:13:23', '', 'BRW-00030', '4800067055861', '30-Photo Id.jpg', 'single'),
(31, 'Andrew', 'T', 'Ang', 'China Town', '10/29/1977', 'ang@gmail.com', 'Sales Agent', '2012-10-15 00:14:10', '', '', 'UP diliman', 'Morning High School', 'Daylight  Elementary School', 'hired', '09148546846', '6995788', '', '', 'BRW-00031', '005101520100016', '31-id-pic9.jpg', 'married'),
(32, 'Robert', 'T', 'Patterson', '175 Pasig', '10/10/1990', 'rob@gmail.com', 'Staff', '2014-01-01 10:42:28', '', '', '', '', '', 'decline', '09256845555', '5685455', '2012-12-26 11:19:55', '2014-01-01 10:42:39', 'BRW-00032', '', '-1.jpg', ''),
(33, 'Robert', '', 'Patterson', '', '', 'robert@gmail.com', '', '', '', '', '', '', '', '', '', '', '2012-12-26 11:20:45', '', 'BRW-00033', '', '', ''),
(34, 'sdfsf', '', 'sdfsf', '', '', 'pstomon', '', '', '', '', '', '', '', '', '', '', '2014-01-01 11:59:16', '', 'BRW-00034', '', '', ''),
(35, 'sdfsf', 'T', 'sdfsf', 'Pasig', '11/11/1990', 'mhke_aj5566@yahoo.com', '', '', '', '', '', '', '', 'decline', '19544544455', '', '2014-01-01 12:00:23', '2014-01-01 12:39:25', 'BRW-00035', '', '35-2.jpg', ''),
(36, 'salve', 'G', 'salve', 'pasig', '01/02/2000', 'pagdanganan_michael_ryan@yahoo.com', 'Sales Manager', '2014-01-01 12:40:44', '', '', '', '', '', 'hired', '19544544455', '7874455', '2014-01-01 12:40:01', '', 'BRW-00036', '', '', ''),
(37, 'Elijah', '', 'Jacinto', '', '', 'jacintoelijah@yahoo.com', '', '', '', '', '', '', '', '', '', '', '2014-01-06 09:01:31', '', 'BRW-00037', '', '', ''),
(38, 'carla', 'requireddaw', 'natics', '123 sisa cor basilio st. samaypaloc manila', '04/02/1998', 'maayosnasir@yahoo.com', 'Cashier', '', '', '', '', '', '', 'decline', '12345678901', '', '2014-01-10 11:58:10', '2014-01-10 12:01:31', 'BRW-00038', '', '', ''),
(39, 'joseph', 'p', 'bejar', '3131', '04/13/1995', 'josephbejarfiles@yahoo.com', 'Staff', '', '', '', '', '', '', 'Applicant', '34234', '23423', '2014-01-13 00:58:12', '', 'BRW-00039', '', '', ''),
(40, 'Randell', 'G.', 'Nido', 'Taguig City', '02/11/1991', 'Randell@yahoo.com', 'General Managers', '', '', '', '', '', '', 'decline', '09341435345', '877987', '2014-01-15 16:38:47', '2014-01-15 16:44:33', 'BRW-00040', '', '', ''),
(41, 'Joseph', 'b', 'Amiel', 'fgf', '07//1995', 'joseph@yahoo.com.ph', 'Staff', '', '', '', '', '', '', 'Applicant', '09654645664', '', '2014-01-15 16:54:42', '', 'BRW-00041', '', '', ''),
(42, 'Marc', '', 'Rigor', '', '', 'marc.rig0r', '', '', '', '', '', '', '', '', '', '', '2014-01-31 03:46:59', '', 'BRW-00042', '', '', '');

-- --------------------------------------------------------

--
-- Table structure for table `employment_login`
--

CREATE TABLE IF NOT EXISTS `employment_login` (
  `login_id` int(11) NOT NULL AUTO_INCREMENT,
  `employee_id` int(11) DEFAULT NULL,
  `username` varchar(100) NOT NULL,
  `password` varchar(100) NOT NULL,
  `level` int(11) NOT NULL,
  PRIMARY KEY (`login_id`)
) ENGINE=InnoDB  DEFAULT CHARSET=latin1 AUTO_INCREMENT=28 ;

--
-- Dumping data for table `employment_login`
--

INSERT INTO `employment_login` (`login_id`, `employee_id`, `username`, `password`, `level`) VALUES
(1, 3, 'mike', '1234', 1),
(2, 0, 'admin', 'admin', 2),
(9, 27, 'wassup', '1234', 1),
(11, 30, 'linda', 'curtis', 1),
(12, 31, 'andrew', 'ANG', 1),
(13, 32, 'rob', '123', 1),
(14, 33, 'pat', '123', 1),
(15, 34, 'sdf', '1', 1),
(16, 35, 'mike2zero', '1234', 1),
(17, 36, 'salve', '1234', 1),
(18, 37, '12-237589', 'tpscovmh', 1),
(19, 38, 'carla', '123', 1),
(20, 39, 'joseph1', 'bejar1', 1),
(21, 40, 'adamson', 'adamson123', 1),
(22, 41, 'joseph2', 'bejar2', 1),
(23, 42, 'marcpogi', 'qwe', 1),
(24, 0, 'dddd', 'ddd', 3),
(25, 1, 'admin_os', '1234', 4),
(26, NULL, 'as_admin', '1234', 5),
(27, NULL, 'admin_emp', '1234', 6);

-- --------------------------------------------------------

--
-- Table structure for table `existing_employees`
--

CREATE TABLE IF NOT EXISTS `existing_employees` (
  `employee_id` int(11) NOT NULL AUTO_INCREMENT,
  `firstname` varchar(100) NOT NULL,
  `middle_initial` varchar(100) NOT NULL,
  `lastname` varchar(100) NOT NULL,
  `address1` varchar(100) NOT NULL,
  `birthdate` varchar(100) NOT NULL,
  `email` varchar(100) NOT NULL,
  `position` varchar(100) NOT NULL,
  `hire_date` varchar(100) NOT NULL,
  `department` varchar(100) NOT NULL,
  `edu_vocational` varchar(100) NOT NULL,
  `edu_college` varchar(100) NOT NULL,
  `edu_secondary` varchar(100) NOT NULL,
  `edu_elementary` varchar(100) NOT NULL,
  `status` varchar(100) NOT NULL,
  `cellphone` varchar(100) NOT NULL,
  `telephone` varchar(100) NOT NULL,
  `date_applied` varchar(100) NOT NULL,
  `date_decline` varchar(100) NOT NULL,
  `employee_reference` varchar(100) NOT NULL,
  `barcode` varchar(1000) NOT NULL,
  `id_images` varchar(100) NOT NULL,
  `civil_status` varchar(100) NOT NULL,
  PRIMARY KEY (`employee_id`)
) ENGINE=InnoDB  DEFAULT CHARSET=latin1 AUTO_INCREMENT=7 ;

--
-- Dumping data for table `existing_employees`
--

INSERT INTO `existing_employees` (`employee_id`, `firstname`, `middle_initial`, `lastname`, `address1`, `birthdate`, `email`, `position`, `hire_date`, `department`, `edu_vocational`, `edu_college`, `edu_secondary`, `edu_elementary`, `status`, `cellphone`, `telephone`, `date_applied`, `date_decline`, `employee_reference`, `barcode`, `id_images`, `civil_status`) VALUES
(1, 'Rea', 'M.', 'Taboada', '3554 Pelaez St. Mandaluyong City', '10/07/1979', 'rea@yahoo.com', 'Clerk', '', '', '', '', '', '', 'Applicant', '09062345684', '', '', '', 'BRD-00001', '', '', ''),
(2, 'Jennifer', 'S.', 'Sy', 'Makati City', '11/08/1973', 'jennifer@gmail.com', 'Assistant Managers', '', '', '', '', '', '', 'Applicant', '09341435345', '', '', '', 'BRD-00002', '', '', ''),
(3, 'Julius Caesar', 'G.', 'Galapun', 'Novaliches City', '09/10/1971', 'julius@hotmail.com', 'Chief Executives', '', '', '', '', '', '', 'Applicant', '09341435342', '', '', '', 'BRD-00003', '', '', ''),
(4, 'Vic Arthur', 'C.', 'Tamayo', 'Makati City', '06/06/1971', 'victamayo@yahoo.com', 'Chief Executives', '', '', '', '', '', '', 'Applicant', '09072245684', '', '', '', 'BRD-00004', '', '', ''),
(5, 'Samuel', 'F.', 'Cruz', 'Pasig City', '03/25/1977', 'cruz_samuel77@yahoo.com', 'Staff', '', '', '', '', '', '', 'Applicant', '09302564364', '', '', '', 'BRD-00005', '', '', ''),
(6, 'JUAN', 'D', 'JUAN', 'FDHFJ', '10/18/2000', 'JUAN@YAHOO.COM', 'Sales Manager', '', '', '', '', '', '', 'Applicant', '8293294', '3223', '', '', 'BRD-00006', '', '', '');

-- --------------------------------------------------------

--
-- Table structure for table `tbl_customer`
--

CREATE TABLE IF NOT EXISTS `tbl_customer` (
  `cust_id` int(11) NOT NULL AUTO_INCREMENT,
  `firstname` varchar(100) NOT NULL,
  `lastname` varchar(100) NOT NULL,
  `company` varchar(100) NOT NULL,
  `email` varchar(100) NOT NULL,
  `contact` varchar(100) NOT NULL,
  `username` varchar(100) NOT NULL,
  `password` varchar(100) NOT NULL,
  `date_registered` varchar(100) NOT NULL,
  PRIMARY KEY (`cust_id`)
) ENGINE=MyISAM  DEFAULT CHARSET=latin1 AUTO_INCREMENT=13 ;

--
-- Dumping data for table `tbl_customer`
--

INSERT INTO `tbl_customer` (`cust_id`, `firstname`, `lastname`, `company`, `email`, `contact`, `username`, `password`, `date_registered`) VALUES
(1, 'sheela', 'marinay', 'amalaya plus corporation', 'angpait@yahoo.ahah', 'hahahaha', 'edgars', '1234', ''),
(3, 'sheela', 'marinay', 'amalaya plus corporation', 'angpait@yahoo.ahah', 'hahahaha', 'jacinto', '12345', '2014-01-06 09:10:21'),
(4, 'sheela', 'marinay', 'amalaya plus corporation', 'angpait@yahoo.ahah', 'hahahaha', 'sheelamarinay', '123', '2014-01-10 11:45:56'),
(5, 'kevin', 'mark', 'markkevin the company', 'mkiek@yahoo.com', '123456', 'mark', '123', '2014-01-10 12:07:50'),
(6, 'Joseph', 'Bejar', 'Bridgeway', 'josephbejarfiles@yahoo.com', '12345678901', 'joseph', 'bejar', '2014-01-13 00:48:44'),
(7, 'qjweyhquw', 'qweiou', 'qweiouyqw', 'ajskdh@yahoo.com', '03493845734', 'jorelkimcruz', 'qwe', '2014-01-31 00:41:37'),
(8, 'asd', 'asd', 'asd', 'marcrigor08@yahoo.com', '09068615252', 'qwe', 'qwe', '2014-01-31 04:07:38'),
(9, 'kioi', 'popo', 'popo', 'popo@yahoo.com', '090909', 'popo', 'popo', '2014-01-31 04:26:53'),
(10, 'qweee', 'qweeee', '', 'marcrigor08@yahoo.com', '09068615252', 'mnm', 'asd', '2014-01-31 04:54:18'),
(11, 'gh', 'gh', '', 'marcrigor08@yahoo.com', '09068615252', 'df', 'asd', '2014-01-31 04:58:04'),
(12, 'dddd', 'dddd', '', 'marcrigor08@yahoo.com', '09068615252', 'dddd', 'ddd', '2014-01-31 04:58:53');

-- --------------------------------------------------------

--
-- Table structure for table `tb_audit`
--

CREATE TABLE IF NOT EXISTS `tb_audit` (
  `id` int(11) NOT NULL,
  `user_level` int(11) NOT NULL,
  `Activity` int(11) NOT NULL,
  `time` int(11) NOT NULL
) ENGINE=InnoDB DEFAULT CHARSET=latin1;

-- --------------------------------------------------------

--
-- Table structure for table `tb_audit_trail`
--

CREATE TABLE IF NOT EXISTS `tb_audit_trail` (
  `audit_trail_tr_no` int(10) unsigned zerofill NOT NULL AUTO_INCREMENT,
  `id` char(9) NOT NULL,
  `date` timestamp NOT NULL DEFAULT CURRENT_TIMESTAMP ON UPDATE CURRENT_TIMESTAMP,
  `object` varchar(100) NOT NULL,
  `action` varchar(30) NOT NULL,
  `description` varchar(30) NOT NULL,
  PRIMARY KEY (`audit_trail_tr_no`)
) ENGINE=InnoDB  DEFAULT CHARSET=latin1 AUTO_INCREMENT=847 ;

--
-- Dumping data for table `tb_audit_trail`
--

INSERT INTO `tb_audit_trail` (`audit_trail_tr_no`, `id`, `date`, `object`, `action`, `description`) VALUES
(0000000001, '12-000001', '2012-12-05 11:42:21', 'Authentication', 'Logout', 'Successful'),
(0000000002, '12-000002', '2012-12-05 11:43:16', 'Authentication', 'Login', 'Successful'),
(0000000003, '12-000002', '2012-12-05 11:43:23', 'Authentication', 'Logout', 'Successful'),
(0000000004, '12-000003', '2012-12-05 11:44:11', 'Authentication', 'Login', 'Successful'),
(0000000005, '12-000003', '2012-12-05 11:45:40', 'Authentication', 'Logout', 'Successful'),
(0000000006, '12-000003', '2012-12-05 11:46:31', 'Authentication', 'Login', 'Successful'),
(0000000007, '12-000003', '2012-12-05 11:49:26', 'Authentication', 'Logout', 'Successful'),
(0000000008, '12-000003', '2012-12-05 11:49:32', 'Authentication', 'Login', 'Successful'),
(0000000009, '12-000003', '2012-12-05 12:09:31', 'Authentication', 'Logout', 'Successful'),
(0000000010, '', '2012-12-05 12:09:52', 'Authentication', 'Logout', 'Successful'),
(0000000011, '12-000003', '2012-12-05 12:10:20', 'Authentication', 'Login', 'Successful'),
(0000000012, '12-000003', '2012-12-05 14:26:27', 'Authentication', 'Login', 'Successful'),
(0000000013, '12-000003', '2012-12-05 14:37:39', 'Authentication', 'Logout', 'Successful'),
(0000000014, '12-000003', '2012-12-05 14:37:45', 'Authentication', 'Login', 'Successful'),
(0000000015, '12-000003', '2012-12-05 14:38:21', 'Authentication', 'Logout', 'Successful'),
(0000000016, '12-000003', '2012-12-05 14:38:32', 'Authentication', 'Login', 'Successful'),
(0000000017, '', '2012-12-05 21:32:02', 'Student Accounts', 'Added', 'Successful'),
(0000000018, '', '2012-12-05 21:33:53', 'Authentication', 'Logout', 'Successful'),
(0000000019, '12-000003', '2012-12-05 21:34:05', 'Authentication', 'Login', 'Successful'),
(0000000020, '12-000003', '2012-12-05 21:39:29', 'Subject Schedule', 'Added', 'Successful'),
(0000000021, '12-000003', '2012-12-05 21:41:47', 'Subject Schedule', 'Added', 'Successful'),
(0000000022, '12-000003', '2012-12-05 21:42:30', 'Subject Schedule', 'Added', 'Successful'),
(0000000023, '12-000003', '2012-12-05 21:44:26', 'Authentication', 'Logout', 'Successful'),
(0000000024, '12-000001', '2012-12-05 21:45:01', 'Authentication', 'Login', 'Successful'),
(0000000025, '12-000001', '2012-12-05 22:18:31', 'Authentication', 'Logout', 'Successful'),
(0000000026, '00-000000', '2012-12-05 22:19:22', 'Authentication', 'Login', 'Successful'),
(0000000027, '00-000000', '2012-12-05 22:28:21', 'Authentication', 'Logout', 'Successful'),
(0000000028, '00-000000', '2012-12-05 22:28:27', 'Authentication', 'Login', 'Successful'),
(0000000029, '00-000000', '2012-12-05 22:28:50', 'Authentication', 'Logout', 'Successful'),
(0000000030, '00-000000', '2012-12-05 22:28:58', 'Authentication', 'Login', 'Successful'),
(0000000031, '00-000000', '2012-12-05 22:29:07', 'Authentication', 'Logout', 'Successful'),
(0000000032, '12-000001', '2012-12-05 22:29:19', 'Authentication', 'Login', 'Successful'),
(0000000033, '12-000001', '2012-12-05 22:29:21', 'Authentication', 'Logout', 'Successful'),
(0000000034, '12-000003', '2012-12-05 22:29:28', 'Authentication', 'Login', 'Successful'),
(0000000035, '12-000003', '2012-12-05 22:30:13', 'Subject Schedule', 'Added', 'Successful'),
(0000000036, '12-000003', '2012-12-05 22:30:17', 'Authentication', 'Logout', 'Successful'),
(0000000037, '12-000001', '2012-12-05 22:30:33', 'Authentication', 'Login', 'Successful'),
(0000000038, '12-000001', '2012-12-05 22:45:49', 'Authentication', 'Logout', 'Successful'),
(0000000039, '12-000001', '2012-12-05 22:45:55', 'Authentication', 'Login', 'Successful'),
(0000000040, '12-000001', '2012-12-05 22:50:49', 'Authentication', 'Logout', 'Successful'),
(0000000041, '12-000003', '2012-12-05 22:50:57', 'Authentication', 'Login', 'Successful'),
(0000000042, '12-000003', '2012-12-05 22:51:02', 'Authentication', 'Logout', 'Successful'),
(0000000043, '00-000000', '2012-12-05 22:51:05', 'Authentication', 'Login', 'Successful'),
(0000000044, '00-000000', '2012-12-05 22:53:43', 'Authentication', 'Logout', 'Successful'),
(0000000045, '12-000001', '2012-12-05 22:53:56', 'Authentication', 'Login', 'Successful'),
(0000000046, '12-000001', '2012-12-05 23:02:28', 'Authentication', 'Logout', 'Successful'),
(0000000047, '00-000000', '2012-12-05 23:02:34', 'Authentication', 'Login', 'Successful'),
(0000000048, '00-000000', '2012-12-05 23:02:45', 'Authentication', 'Logout', 'Successful'),
(0000000049, '12-000003', '2012-12-05 23:03:18', 'Authentication', 'Login', 'Successful'),
(0000000050, '12-000003', '2012-12-05 23:03:22', 'Authentication', 'Logout', 'Successful'),
(0000000051, '12-000003', '2012-12-05 23:03:43', 'Authentication', 'Login', 'Successful'),
(0000000052, '12-000003', '2012-12-05 23:04:36', 'Authentication', 'Logout', 'Successful'),
(0000000053, '12-000003', '2012-12-05 23:04:41', 'Authentication', 'Login', 'Successful'),
(0000000054, '12-000003', '2012-12-05 23:05:42', 'Authentication', 'Logout', 'Successful'),
(0000000055, '', '2012-12-05 23:05:42', 'Authentication', 'Logout', 'Successful'),
(0000000056, '00-000000', '2012-12-06 00:29:38', 'Authentication', 'Login', 'Successful'),
(0000000057, '00-000000', '2012-12-06 00:30:22', 'Authentication', 'Logout', 'Successful'),
(0000000058, '12-000003', '2012-12-06 00:30:35', 'Authentication', 'Login', 'Successful'),
(0000000059, '12-000003', '2012-12-06 00:31:50', 'Subject Schedule', 'Added', 'Successful'),
(0000000060, '12-000003', '2012-12-06 00:32:06', 'Authentication', 'Logout', 'Successful'),
(0000000061, '12-000001', '2012-12-06 00:32:19', 'Authentication', 'Login', 'Successful'),
(0000000062, '12-000001', '2012-12-06 00:34:00', 'Authentication', 'Logout', 'Successful'),
(0000000063, '12-000001', '2012-12-06 00:37:27', 'Authentication', 'Login', 'Successful'),
(0000000064, '12-000001', '2012-12-06 00:39:30', 'Authentication', 'Logout', 'Successful'),
(0000000065, '12-000003', '2012-12-06 00:39:41', 'Authentication', 'Login', 'Successful'),
(0000000066, '12-000003', '2012-12-06 00:46:29', 'Authentication', 'Logout', 'Successful'),
(0000000067, '12-000003', '2012-12-10 07:35:29', 'Authentication', 'Login', 'Successful'),
(0000000068, '12-000003', '2012-12-10 07:35:38', 'Authentication', 'Logout', 'Successful'),
(0000000069, '12-000001', '2012-12-10 07:35:52', 'Authentication', 'Login', 'Successful'),
(0000000070, '12-000001', '2012-12-11 22:00:49', 'Authentication', 'Login', 'Successful'),
(0000000071, '12-000003', '2012-12-11 19:49:01', 'Authentication', 'Login', 'Successful'),
(0000000072, '12-000003', '2012-12-11 19:49:39', 'Authentication', 'Logout', 'Successful'),
(0000000073, '12-000001', '2012-12-11 19:49:45', 'Authentication', 'Login', 'Successful'),
(0000000074, '12-000001', '2012-12-11 19:50:30', 'Authentication', 'Logout', 'Successful'),
(0000000075, '00-000000', '2012-12-11 19:50:38', 'Authentication', 'Login', 'Successful'),
(0000000076, '00-000000', '2012-12-11 19:50:49', 'Authentication', 'Logout', 'Successful'),
(0000000077, '12-000003', '2012-12-11 19:52:04', 'Authentication', 'Login', 'Successful'),
(0000000078, '', '2012-12-11 20:57:24', 'Authentication', 'Logout', 'Successful'),
(0000000079, '12-000003', '2012-12-11 20:57:37', 'Authentication', 'Login', 'Successful'),
(0000000080, '12-000003', '2012-12-11 22:03:34', 'Authentication', 'Login', 'Successful'),
(0000000081, '12-000003', '2012-12-11 23:31:10', 'Authentication', 'Login', 'Successful'),
(0000000082, '12-000003', '2012-12-12 10:35:48', 'Authentication', 'Login', 'Successful'),
(0000000083, '', '2012-12-12 11:55:11', 'Authentication', 'Logout', 'Successful'),
(0000000084, '12-000003', '2012-12-12 11:58:25', 'Authentication', 'Login', 'Successful'),
(0000000085, '12-000003', '2012-12-12 11:58:40', 'Authentication', 'Logout', 'Successful'),
(0000000086, '12-000001', '2012-12-12 11:58:46', 'Authentication', 'Login', 'Successful'),
(0000000087, '12-000001', '2012-12-12 11:58:53', 'Authentication', 'Logout', 'Successful'),
(0000000088, '12-000001', '2012-12-12 11:59:00', 'Authentication', 'Login', 'Successful'),
(0000000089, '12-000001', '2012-12-12 12:02:00', 'Authentication', 'Logout', 'Successful'),
(0000000090, '00-000000', '2012-12-12 12:03:38', 'Authentication', 'Login', 'Successful'),
(0000000091, '00-000000', '2012-12-12 12:42:10', 'Authentication', 'Logout', 'Successful'),
(0000000092, '12-000002', '2012-12-12 12:42:19', 'Authentication', 'Login', 'Successful'),
(0000000093, '12-000002', '2012-12-12 12:42:37', 'Authentication', 'Logout', 'Successful'),
(0000000094, '12-000003', '2012-12-12 12:42:46', 'Authentication', 'Login', 'Successful'),
(0000000095, '12-000003', '2012-12-12 12:43:20', 'Authentication', 'Logout', 'Successful'),
(0000000096, '12-000003', '2012-12-12 18:18:32', 'Authentication', 'Login', 'Successful'),
(0000000097, '12-000003', '2012-12-12 19:53:55', 'Student Information with ID 12', 'Added', 'Successful'),
(0000000098, '12-000003', '2012-12-12 19:53:55', 'Student Schools Attended with ', 'Added', 'But Empty or NOT completed'),
(0000000099, '12-000003', '2012-12-12 19:59:16', 'Student Information with ID 12', 'Added', 'Successful'),
(0000000100, '12-000003', '2012-12-12 19:59:16', 'Student Schools Attended with ', 'Added', 'But Empty or NOT completed'),
(0000000101, '12-000003', '2012-12-12 19:59:16', 'Student Emergency Contact Info', 'Added', 'Successfully'),
(0000000102, '12-000003', '2012-12-12 19:59:16', 'Student Default Login Informat', 'Added', 'Successfully'),
(0000000103, '12-000003', '2012-12-12 20:03:24', 'Student Information with ID 12-0065484 ', 'Added', 'Successful'),
(0000000104, '12-000003', '2012-12-12 20:03:24', 'Student Schools Attended with ID 12-0065484 ', 'Added', 'But Empty or NOT completed'),
(0000000105, '12-000003', '2012-12-12 20:03:24', 'Student Emergency Contact Information with ID 12-0065484 ', 'Added', 'Successfully'),
(0000000106, '12-000003', '2012-12-12 20:03:24', 'Student Default Login Information with ID 12-0065484 ', 'Added', 'Successfully'),
(0000000107, '12-000003', '2012-12-12 20:57:03', 'Subject MGT10 - Principles of Management', 'Added', 'Successfully'),
(0000000108, '12-000003', '2012-12-12 20:58:58', 'Subject MKT120 - Principles of Marketing', 'Added', 'Successfully'),
(0000000109, '12-000003', '2012-12-12 21:00:40', 'Authentication', 'Logout', 'Successful'),
(0000000110, '00-000000', '2012-12-12 21:00:47', 'Authentication', 'Login', 'Successful'),
(0000000111, '00-000000', '2012-12-12 21:01:09', 'Authentication', 'Logout', 'Successful'),
(0000000112, '12-000003', '2012-12-12 21:01:20', 'Authentication', 'Login', 'Successful'),
(0000000115, '12-000003', '2012-12-12 21:57:26', 'Subject Schedule with SS_ID = 00000000000000000001', 'Deleted', 'Successful'),
(0000000116, '12-000003', '2012-12-12 21:57:54', 'Subject Schedule with SS_ID = 00000000000000000001', 'Deleted', 'Successful'),
(0000000117, '12-000003', '2012-12-12 21:57:54', 'Subject Schedule with SS_ID = 00000000000000000002', 'Deleted', 'Successful'),
(0000000118, '12-000003', '2012-12-12 21:59:49', 'Subject with Subject Code = ENG111', 'Deleted', 'Successful'),
(0000000119, '12-000003', '2012-12-12 21:59:49', 'Subject with Subject Code = ENG112', 'Deleted', 'Successful'),
(0000000120, '12-000003', '2012-12-12 23:32:59', 'Authentication', 'Login', 'Successful'),
(0000000121, '12-000003', '2012-12-12 23:35:04', 'Authentication', 'Logout', 'Successful'),
(0000000122, '12-033798', '2012-12-12 23:39:04', 'Authentication', 'Login', 'Successful'),
(0000000123, '12-033798', '2012-12-12 23:39:07', 'Authentication', 'Logout', 'Successful'),
(0000000124, '12-000003', '2012-12-12 23:39:14', 'Authentication', 'Login', 'Successful'),
(0000000125, '12-000003', '2012-12-12 23:41:31', 'Student Information with ID 12-0509525 ', 'Added', 'Successful'),
(0000000126, '12-000003', '2012-12-12 23:41:31', 'Student Schools Attended with ID 12-0509525 ', 'Added', 'But Empty or NOT completed'),
(0000000127, '12-000003', '2012-12-12 23:41:31', 'Student Emergency Contact Information with ID 12-0509525 ', 'Added', 'Successfully'),
(0000000128, '12-000003', '2012-12-12 23:41:31', 'Student Default Login Information with ID 12-0509525 ', 'Added', 'Successfully'),
(0000000129, '12-000003', '2012-12-12 23:42:36', 'Authentication', 'Logout', 'Successful'),
(0000000130, '00-000000', '2012-12-12 23:42:46', 'Authentication', 'Login', 'Successful'),
(0000000131, '00-000000', '2012-12-12 23:42:59', 'Authentication', 'Logout', 'Successful'),
(0000000132, '12-000003', '2012-12-12 23:43:05', 'Authentication', 'Login', 'Successful'),
(0000000133, '12-000003', '2012-12-12 23:44:05', 'Authentication', 'Logout', 'Successful'),
(0000000134, '00-000000', '2012-12-12 23:44:37', 'Authentication', 'Login', 'Successful'),
(0000000135, '00-000000', '2012-12-12 23:44:40', 'Authentication', 'Logout', 'Successful'),
(0000000136, '00-000000', '2012-12-13 10:09:15', 'Authentication', 'Login', 'Successful'),
(0000000137, '00-000000', '2012-12-13 10:09:31', 'Authentication', 'Logout', 'Successful'),
(0000000138, '12-000003', '2012-12-13 10:09:36', 'Authentication', 'Login', 'Successful'),
(0000000139, '', '2012-12-13 11:23:54', 'Authentication', 'Logout', 'Successful'),
(0000000140, '12-000003', '2012-12-13 19:44:02', 'Authentication', 'Login', 'Successful'),
(0000000141, '12-000003', '2012-12-13 19:53:19', 'Course BSN - Bachelor of Science in Nursing', 'Added', 'Successfully'),
(0000000144, '12-000003', '2012-12-13 20:13:37', 'Course BSN - ENG111 for SY-2010-2011', 'Added', 'Successfully'),
(0000000145, '12-000003', '2012-12-13 20:30:23', 'Course AB-ECO - Bachelor of Arts - Major in Economics', 'Added', 'Successfully'),
(0000000146, '12-000003', '2012-12-13 20:32:35', 'Authentication', 'Logout', 'Successful'),
(0000000147, '00-000000', '2012-12-13 20:32:43', 'Authentication', 'Login', 'Successful'),
(0000000148, '00-000000', '2012-12-13 20:32:53', 'Authentication', 'Logout', 'Successful'),
(0000000149, '12-000003', '2012-12-13 20:32:58', 'Authentication', 'Login', 'Successful'),
(0000000150, '12-000003', '2012-12-13 20:33:16', 'Authentication', 'Logout', 'Successful'),
(0000000151, '12-000003', '2012-12-13 23:34:19', 'Authentication', 'Login', 'Successful'),
(0000000152, '12-000003', '2012-12-13 23:39:29', 'Subject ENG11A - Study and Thinking Skills', 'Added', 'Successfully'),
(0000000153, '12-000003', '2012-12-14 23:58:37', 'Authentication', 'Login', 'Successful'),
(0000000154, '12-000003', '2012-12-15 02:36:01', 'Disabled Login Credentials = ID:12-006548', 'Disabled', 'Successful'),
(0000000155, '12-000003', '2012-12-15 02:36:06', 'Disabled Login Credentials = ID:12-000002', 'Disabled', 'Successful'),
(0000000156, '12-000003', '2012-12-15 02:36:06', 'Disabled Login Credentials = ID:12-033798', 'Disabled', 'Successful'),
(0000000157, '12-000003', '2012-12-15 02:36:07', 'Disabled Login Credentials = ID:12-050952', 'Disabled', 'Successful'),
(0000000158, '12-000003', '2012-12-15 02:55:05', 'Disabled Login Credentials = ID:12-050952', 'Disabled', 'Successful'),
(0000000159, '12-000003', '2012-12-15 02:55:59', 'Enabled Login Credentials = ID:12-050952', 'Enabled', 'Successful'),
(0000000160, '12-000003', '2012-12-15 02:56:04', 'Disabled Login Credentials = ID:12-033798', 'Disabled', 'Successful'),
(0000000161, '12-000003', '2012-12-15 02:56:04', 'Disabled Login Credentials = ID:12-050952', 'Disabled', 'Successful'),
(0000000162, '12-000003', '2012-12-15 03:01:18', 'Enabled Login Credentials = ID:12-050952', 'Enabled', 'Successful'),
(0000000163, '12-000003', '2012-12-15 03:01:23', 'Enabled Login Credentials = ID:12-033798', 'Enabled', 'Successful'),
(0000000164, '12-000003', '2012-12-15 03:01:27', 'Disabled Login Credentials = ID:12-000002', 'Disabled', 'Successful'),
(0000000165, '12-000003', '2012-12-15 03:01:27', 'Disabled Login Credentials = ID:12-006548', 'Disabled', 'Successful'),
(0000000166, '12-000003', '2012-12-15 03:01:27', 'Disabled Login Credentials = ID:12-033798', 'Disabled', 'Successful'),
(0000000167, '12-000003', '2012-12-15 03:01:27', 'Disabled Login Credentials = ID:12-050952', 'Disabled', 'Successful'),
(0000000168, '12-000003', '2012-12-15 03:01:39', 'Enabled Login Credentials = ID:12-000002', 'Enabled', 'Successful'),
(0000000169, '12-000003', '2012-12-15 03:01:39', 'Enabled Login Credentials = ID:12-006548', 'Enabled', 'Successful'),
(0000000170, '12-000003', '2012-12-15 03:01:39', 'Enabled Login Credentials = ID:12-033798', 'Enabled', 'Successful'),
(0000000171, '12-000003', '2012-12-15 03:03:00', 'Enabled Login Credentials = ID:12-050952', 'Enabled', 'Successful'),
(0000000172, '12-000003', '2012-12-15 03:03:04', 'Disabled Login Credentials = ID:12-000002', 'Disabled', 'Successful'),
(0000000173, '12-000003', '2012-12-15 03:03:04', 'Disabled Login Credentials = ID:12-006548', 'Disabled', 'Successful'),
(0000000174, '12-000003', '2012-12-15 03:03:04', 'Disabled Login Credentials = ID:12-033798', 'Disabled', 'Successful'),
(0000000175, '12-000003', '2012-12-15 03:03:04', 'Disabled Login Credentials = ID:12-050952', 'Disabled', 'Successful'),
(0000000176, '12-000003', '2012-12-15 03:03:08', 'Enabled Login Credentials = ID:12-006548', 'Enabled', 'Successful'),
(0000000177, '12-000003', '2012-12-15 03:03:12', 'Enabled Login Credentials = ID:12-000002', 'Enabled', 'Successful'),
(0000000178, '12-000003', '2012-12-15 03:03:12', 'Enabled Login Credentials = ID:12-033798', 'Enabled', 'Successful'),
(0000000179, '12-000003', '2012-12-15 03:03:12', 'Enabled Login Credentials = ID:12-050952', 'Enabled', 'Successful'),
(0000000180, '12-000003', '2012-12-15 03:03:16', 'Disabled Login Credentials = ID:12-000002', 'Disabled', 'Successful'),
(0000000181, '12-000003', '2012-12-15 03:03:16', 'Disabled Login Credentials = ID:12-006548', 'Disabled', 'Successful'),
(0000000182, '12-000003', '2012-12-15 03:03:16', 'Disabled Login Credentials = ID:12-033798', 'Disabled', 'Successful'),
(0000000183, '12-000003', '2012-12-15 03:03:16', 'Disabled Login Credentials = ID:12-050952', 'Disabled', 'Successful'),
(0000000184, '12-000003', '2012-12-15 03:03:21', 'Enabled Login Credentials = ID:12-000002', 'Enabled', 'Successful'),
(0000000185, '12-000003', '2012-12-15 03:03:21', 'Enabled Login Credentials = ID:12-006548', 'Enabled', 'Successful'),
(0000000186, '12-000003', '2012-12-15 03:03:21', 'Enabled Login Credentials = ID:12-033798', 'Enabled', 'Successful'),
(0000000187, '12-000003', '2012-12-15 03:03:21', 'Enabled Login Credentials = ID:12-050952', 'Enabled', 'Successful'),
(0000000188, '12-000003', '2012-12-15 03:03:29', 'Disabled Login Credentials = ID:12-006548', 'Disabled', 'Successful'),
(0000000189, '12-000003', '2012-12-15 03:03:29', 'Disabled Login Credentials = ID:12-033798', 'Disabled', 'Successful'),
(0000000190, '12-000003', '2012-12-15 03:03:29', 'Disabled Login Credentials = ID:12-050952', 'Disabled', 'Successful'),
(0000000191, '12-000003', '2012-12-15 03:03:35', 'Enabled Login Credentials = ID:12-033798', 'Enabled', 'Successful'),
(0000000192, '12-000003', '2012-12-15 03:03:35', 'Enabled Login Credentials = ID:12-050952', 'Enabled', 'Successful'),
(0000000193, '12-000003', '2012-12-15 03:03:46', 'Enabled Login Credentials = ID:12-006548', 'Enabled', 'Successful'),
(0000000194, '12-000003', '2012-12-15 03:03:49', 'Disabled Login Credentials = ID:12-000002', 'Disabled', 'Successful'),
(0000000195, '12-000003', '2012-12-15 03:03:49', 'Disabled Login Credentials = ID:12-006548', 'Disabled', 'Successful'),
(0000000196, '12-000003', '2012-12-15 03:03:49', 'Disabled Login Credentials = ID:12-033798', 'Disabled', 'Successful'),
(0000000197, '12-000003', '2012-12-15 03:03:49', 'Disabled Login Credentials = ID:12-050952', 'Disabled', 'Successful'),
(0000000198, '12-000003', '2012-12-15 03:08:34', 'Enabled Login Credentials = ID:12-000002', 'Enabled', 'Successful'),
(0000000199, '12-000003', '2012-12-15 03:08:34', 'Enabled Login Credentials = ID:12-006548', 'Enabled', 'Successful'),
(0000000200, '12-000003', '2012-12-15 03:08:34', 'Enabled Login Credentials = ID:12-033798', 'Enabled', 'Successful'),
(0000000201, '12-000003', '2012-12-15 03:08:34', 'Enabled Login Credentials = ID:12-050952', 'Enabled', 'Successful'),
(0000000202, '12-000003', '2012-12-15 03:08:40', 'Disabled Login Credentials = ID:12-033798', 'Disabled', 'Successful'),
(0000000203, '12-000003', '2012-12-15 03:08:40', 'Disabled Login Credentials = ID:12-050952', 'Disabled', 'Successful'),
(0000000204, '12-000003', '2012-12-15 03:17:13', 'Disabled Login Credentials = ID:12-000002', 'Disabled', 'Successful'),
(0000000205, '12-000003', '2012-12-15 03:17:13', 'Disabled Login Credentials = ID:12-006548', 'Disabled', 'Successful'),
(0000000206, '12-000003', '2012-12-15 03:18:15', 'Enabled Login Credentials = ID:12-050952', 'Enabled', 'Successful'),
(0000000207, '12-000003', '2012-12-15 03:20:37', 'Enabled Login Credentials = ID:12-000002', 'Enabled', 'Successful'),
(0000000208, '12-000003', '2012-12-15 03:20:38', 'Enabled Login Credentials = ID:12-006548', 'Enabled', 'Successful'),
(0000000209, '12-000003', '2012-12-15 03:20:38', 'Enabled Login Credentials = ID:12-033798', 'Enabled', 'Successful'),
(0000000210, '12-000003', '2012-12-15 03:20:43', 'Disabled Login Credentials = ID:12-006548', 'Disabled', 'Successful'),
(0000000211, '12-000003', '2012-12-15 03:20:43', 'Disabled Login Credentials = ID:12-033798', 'Disabled', 'Successful'),
(0000000212, '12-000003', '2012-12-15 03:21:02', 'Authentication', 'Logout', 'Successful'),
(0000000213, '00-000001', '2012-12-15 03:21:21', 'Authentication', 'Login', 'Successful'),
(0000000214, '00-000001', '2012-12-15 03:23:33', 'Enabled Login Credentials = ID:12-006548', 'Enabled', 'Successful'),
(0000000215, '00-000001', '2012-12-15 03:23:33', 'Enabled Login Credentials = ID:12-033798', 'Enabled', 'Successful'),
(0000000216, '00-000001', '2012-12-15 03:24:51', 'Disabled Login Credentials = ID:12-050952', 'Disabled', 'Successful'),
(0000000217, '00-000001', '2012-12-15 03:24:54', 'Enabled Login Credentials = ID:12-050952', 'Enabled', 'Successful'),
(0000000218, '00-000001', '2012-12-15 03:30:35', 'Disabled Login Credentials = ID:12-000002', 'Disabled', 'Successful'),
(0000000219, '00-000001', '2012-12-15 03:30:35', 'Disabled Login Credentials = ID:12-006548', 'Disabled', 'Successful'),
(0000000220, '00-000001', '2012-12-15 03:30:40', 'Disabled Login Credentials = ID:12-033798', 'Disabled', 'Successful'),
(0000000221, '00-000001', '2012-12-15 03:30:40', 'Disabled Login Credentials = ID:12-050952', 'Disabled', 'Successful'),
(0000000222, '00-000001', '2012-12-15 03:30:46', 'Enabled Login Credentials = ID:12-000002', 'Enabled', 'Successful'),
(0000000223, '00-000001', '2012-12-15 03:30:46', 'Enabled Login Credentials = ID:12-006548', 'Enabled', 'Successful'),
(0000000224, '00-000001', '2012-12-15 03:30:46', 'Enabled Login Credentials = ID:12-033798', 'Enabled', 'Successful'),
(0000000225, '00-000001', '2012-12-15 03:30:46', 'Enabled Login Credentials = ID:12-050952', 'Enabled', 'Successful'),
(0000000226, '', '2012-12-15 09:30:19', 'Disabled Login Credentials = ID:12-033798', 'Disabled', 'Successful'),
(0000000227, '', '2012-12-15 09:30:19', 'Disabled Login Credentials = ID:12-050952', 'Disabled', 'Successful'),
(0000000228, '', '2012-12-15 09:30:26', 'Enabled Login Credentials = ID:12-033798', 'Enabled', 'Successful'),
(0000000229, '', '2012-12-15 09:30:26', 'Enabled Login Credentials = ID:12-050952', 'Enabled', 'Successful'),
(0000000230, '', '2012-12-15 09:30:29', 'Disabled Login Credentials = ID:12-033798', 'Disabled', 'Successful'),
(0000000231, '', '2012-12-15 09:30:29', 'Disabled Login Credentials = ID:12-050952', 'Disabled', 'Successful'),
(0000000232, '', '2012-12-15 09:34:42', 'Authentication', 'Logout', 'Successful'),
(0000000233, '00-000001', '2012-12-15 09:34:48', 'Authentication', 'Login', 'Successful'),
(0000000234, '00-000001', '2012-12-15 09:34:57', 'Enabled Login Credentials = ID:12-033798', 'Enabled', 'Successful'),
(0000000235, '00-000001', '2012-12-15 09:34:57', 'Enabled Login Credentials = ID:12-050952', 'Enabled', 'Successful'),
(0000000236, '00-000001', '2012-12-15 09:35:02', 'Disabled Login Credentials = ID:12-033798', 'Disabled', 'Successful'),
(0000000237, '00-000001', '2012-12-15 09:35:02', 'Disabled Login Credentials = ID:12-050952', 'Disabled', 'Successful'),
(0000000238, '00-000001', '2012-12-15 09:39:02', 'Authentication', 'Logout', 'Successful'),
(0000000239, '00-000001', '2012-12-15 09:39:10', 'Authentication', 'Login', 'Successful'),
(0000000240, '00-000001', '2012-12-15 10:27:06', 'Authentication', 'Login', 'Successful'),
(0000000241, '00-000001', '2012-12-15 10:52:05', 'Faculty Information with Staff ID 12-0395470 ', 'Added', 'Successful'),
(0000000242, '00-000001', '2012-12-15 10:52:05', 'Faculty Emergency Contact Information with ID 12-0395470 ', 'Added', 'Successfully'),
(0000000243, '00-000001', '2012-12-15 10:52:05', 'Faculty Default Login Information with ID 12-0395470 ', 'Added', 'Successfully'),
(0000000244, '00-000001', '2012-12-15 10:55:26', 'Faculty Information with Staff ID 12-0258167 ', 'Added', 'Successful'),
(0000000245, '00-000001', '2012-12-15 10:55:26', 'Faculty Emergency Contact Information with ID 12-0258167 ', 'Added', 'Successfully'),
(0000000246, '00-000001', '2012-12-15 10:55:26', 'Faculty Default Login Information with ID 12-0258167 ', 'Added', 'Successfully'),
(0000000247, '00-000001', '2012-12-15 19:58:41', 'Authentication', 'Logout', 'Successful'),
(0000000248, '00-000001', '2012-12-15 19:58:47', 'Authentication', 'Login', 'Successful'),
(0000000249, '00-000001', '2012-12-16 07:27:11', 'Authentication', 'Login', 'Successful'),
(0000000250, '00-000001', '2012-12-16 11:40:50', 'Subject Schedule', 'Added', 'Successful'),
(0000000251, '00-000001', '2012-12-16 11:55:16', 'Subject Schedule', 'Added', 'Successful'),
(0000000252, '00-000001', '2012-12-16 11:57:39', 'Subject Schedule', 'Added', 'Successful'),
(0000000253, '00-000001', '2012-12-16 11:59:11', 'Subject Schedule', 'Added', 'Successful'),
(0000000254, '00-000001', '2012-12-16 12:03:48', 'Subject Schedule', 'Added', 'Successful'),
(0000000255, '00-000001', '2012-12-16 12:04:31', 'Subject Schedule', 'Added', 'Successful'),
(0000000256, '00-000001', '2012-12-16 12:05:58', 'Subject Schedule', 'Added', 'Successful'),
(0000000257, '00-000001', '2012-12-16 17:51:16', 'Subject Schedule', 'Added', 'Successful'),
(0000000258, '00-000001', '2012-12-16 19:10:51', 'Authentication', 'Logout', 'Successful'),
(0000000259, '00-000000', '2012-12-16 19:12:45', 'Authentication', 'Login', 'Successful'),
(0000000260, '00-000000', '2012-12-16 19:13:41', 'Authentication', 'Logout', 'Successful'),
(0000000261, '12-050952', '2012-12-16 19:17:23', 'Authentication', 'Login', 'Successful'),
(0000000262, '12-050952', '2012-12-16 21:13:24', 'Authentication', 'Logout', 'Successful'),
(0000000263, '00-000001', '2012-12-16 21:13:29', 'Authentication', 'Login', 'Successful'),
(0000000264, '00-000001', '2012-12-16 21:15:13', 'Subject Schedule', 'Added', 'Successful'),
(0000000265, '00-000001', '2012-12-16 21:15:16', 'Authentication', 'Logout', 'Successful'),
(0000000266, '12-050952', '2012-12-16 21:16:20', 'Authentication', 'Login', 'Successful'),
(0000000267, '12-050952', '2012-12-16 22:56:16', 'Authentication', 'Logout', 'Successful'),
(0000000268, '00-000000', '2012-12-16 23:03:05', 'Authentication', 'Login', 'Successful'),
(0000000269, '00-000000', '2012-12-16 23:07:19', 'Authentication', 'Logout', 'Successful'),
(0000000270, '00-000001', '2012-12-16 23:07:26', 'Authentication', 'Login', 'Successful'),
(0000000271, '00-000001', '2012-12-16 23:08:56', 'Subject Schedule with 10', 'Added', 'Successful'),
(0000000272, '00-000001', '2012-12-16 23:09:05', 'Authentication', 'Logout', 'Successful'),
(0000000273, '00-000000', '2012-12-16 23:09:10', 'Authentication', 'Login', 'Successful'),
(0000000274, '00-000000', '2012-12-16 23:09:49', 'Authentication', 'Logout', 'Successful'),
(0000000275, '00-000001', '2012-12-16 23:09:55', 'Authentication', 'Login', 'Successful'),
(0000000276, '00-000001', '2012-12-16 23:09:57', 'Authentication', 'Logout', 'Successful'),
(0000000277, '00-000001', '2012-12-16 23:10:03', 'Authentication', 'Login', 'Successful'),
(0000000278, '00-000001', '2012-12-19 09:38:41', 'Authentication', 'Login', 'Successful'),
(0000000279, '00-000001', '2012-12-19 10:20:18', 'Authentication', 'Login', 'Successful'),
(0000000280, '00-000001', '2012-12-19 10:20:56', 'Subject Schedule with SS_ID: 11', 'Added', 'Successful'),
(0000000281, '00-000001', '2012-12-19 16:00:59', 'Subject Schedule with SS_ID: 12', 'Added', 'Successful'),
(0000000282, '00-000000', '2012-12-29 13:12:49', 'Authentication', 'Login', 'Successful'),
(0000000283, '00-000000', '2012-12-29 13:14:03', 'Authentication', 'Logout', 'Successful'),
(0000000284, '00-000001', '2012-12-30 16:53:05', 'Authentication', 'Login', 'Successful'),
(0000000285, '12-050952', '2012-12-30 16:56:15', 'Authentication', 'Login', 'Successful'),
(0000000286, '12-050952', '2012-12-30 19:50:34', 'Authentication', 'Login', 'Successful'),
(0000000287, '12-050952', '2013-01-01 09:42:16', 'Authentication', 'Login', 'Successful'),
(0000000288, '12-050952', '2013-01-01 13:14:41', 'Authentication', 'Login', 'Successful'),
(0000000289, '12-050952', '2013-01-01 13:45:10', 'Authentication', 'Logout', 'Successful'),
(0000000290, '12-050952', '2013-01-01 13:45:12', 'Authentication', 'Login', 'Successful'),
(0000000291, '12-050952', '2013-01-03 09:22:39', 'Authentication', 'Login', 'Successful'),
(0000000292, '12-050952', '2013-01-03 09:42:14', 'Authentication', 'Logout', 'Successful'),
(0000000293, '12-006548', '2013-01-03 09:43:41', 'Authentication', 'Login', 'Successful'),
(0000000294, '12-006548', '2013-01-03 09:44:25', 'Authentication', 'Logout', 'Successful'),
(0000000295, '12-033798', '2013-01-03 09:45:09', 'Authentication', 'Login', 'Successful'),
(0000000296, '12-033798', '2013-01-03 09:46:41', 'Authentication', 'Logout', 'Successful'),
(0000000297, '00-000001', '2013-01-03 09:46:46', 'Authentication', 'Login', 'Successful'),
(0000000298, '00-000001', '2013-01-03 11:46:25', 'Authentication', 'Logout', 'Successful'),
(0000000299, '12-025816', '2013-01-03 11:46:31', 'Authentication', 'Login', 'Successful'),
(0000000300, '12-000002', '2013-01-03 11:46:46', 'Authentication', 'Login', 'Successful'),
(0000000301, '12-000002', '2013-01-03 11:47:59', 'Authentication', 'Logout', 'Successful'),
(0000000302, '12-033798', '2013-01-03 11:48:02', 'Authentication', 'Login', 'Successful'),
(0000000303, '12-033798', '2013-01-03 12:09:36', 'Authentication', 'Logout', 'Successful'),
(0000000304, '12-033798', '2013-01-03 12:09:38', 'Authentication', 'Login', 'Successful'),
(0000000305, '12-033798', '2013-01-03 12:09:45', 'Authentication', 'Logout', 'Successful'),
(0000000306, '00-000001', '2013-01-03 12:12:53', 'Authentication', 'Login', 'Successful'),
(0000000307, '00-000001', '2013-01-03 14:36:30', 'Authentication', 'Login', 'Successful'),
(0000000308, '00-000001', '2013-01-03 14:36:33', 'Authentication', 'Logout', 'Successful'),
(0000000309, '12-033798', '2013-01-03 14:36:37', 'Authentication', 'Login', 'Successful'),
(0000000310, '12-033798', '2013-01-03 14:36:43', 'Authentication', 'Logout', 'Successful'),
(0000000311, '12-033798', '2013-01-03 14:36:46', 'Authentication', 'Login', 'Successful'),
(0000000312, '12-033798', '2013-01-03 15:02:13', 'Authentication', 'Logout', 'Successful'),
(0000000313, '12-000002', '2013-01-03 15:02:20', 'Authentication', 'Login', 'Successful'),
(0000000314, '12-000002', '2013-01-03 15:02:44', 'Authentication', 'Logout', 'Successful'),
(0000000315, '00-000001', '2013-01-03 15:02:47', 'Authentication', 'Login', 'Successful'),
(0000000316, '00-000001', '2013-01-03 21:23:36', 'Authentication', 'Logout', 'Successful'),
(0000000317, '00-000001', '2013-01-03 21:23:42', 'Authentication', 'Login', 'Successful'),
(0000000318, '00-000001', '2013-01-03 21:52:03', 'Authentication', 'Login', 'Successful'),
(0000000319, '00-000001', '2013-01-03 22:27:43', 'Authentication', 'Logout', 'Successful'),
(0000000320, '12-000002', '2013-01-03 22:27:51', 'Authentication', 'Login', 'Successful'),
(0000000321, '12-000002', '2013-01-03 22:28:15', 'Authentication', 'Logout', 'Successful'),
(0000000322, '12-025816', '2013-01-03 22:28:34', 'Authentication', 'Login', 'Successful'),
(0000000323, '12-000002', '2013-01-03 22:29:21', 'Authentication', 'Login', 'Successful'),
(0000000324, '12-000002', '2013-01-03 22:32:04', 'Authentication', 'Logout', 'Successful'),
(0000000325, '12-039547', '2013-01-03 22:32:08', 'Authentication', 'Login', 'Successful'),
(0000000326, '12-039547', '2013-01-03 22:34:48', 'Authentication', 'Logout', 'Successful'),
(0000000327, '12-039547', '2013-01-03 22:35:11', 'Authentication', 'Login', 'Successful'),
(0000000328, '12-039547', '2013-01-03 22:38:44', 'Authentication', 'Logout', 'Successful'),
(0000000329, '12-006548', '2013-01-03 22:38:50', 'Authentication', 'Login', 'Successful'),
(0000000330, '12-006548', '2013-01-03 22:38:56', 'Authentication', 'Logout', 'Successful'),
(0000000331, '12-033798', '2013-01-03 22:39:09', 'Authentication', 'Login', 'Successful'),
(0000000332, '12-033798', '2013-01-03 22:39:21', 'Authentication', 'Logout', 'Successful'),
(0000000333, '12-050952', '2013-01-03 22:39:35', 'Authentication', 'Login', 'Successful'),
(0000000334, '12-050952', '2013-01-06 10:24:38', 'Authentication', 'Login', 'Successful'),
(0000000335, '12-050952', '2013-01-06 10:25:04', 'Authentication', 'Logout', 'Successful'),
(0000000336, '12-025816', '2013-01-06 10:25:30', 'Authentication', 'Login', 'Successful'),
(0000000337, '12-000002', '2013-01-06 10:25:40', 'Authentication', 'Login', 'Successful'),
(0000000338, '12-000002', '2013-01-07 00:43:47', 'Authentication', 'Login', 'Successful'),
(0000000339, '12-000002', '2013-01-07 00:53:06', 'Authentication', 'Logout', 'Successful'),
(0000000340, '12-039547', '2013-01-07 00:53:13', 'Authentication', 'Login', 'Successful'),
(0000000341, '12-050952', '2013-01-07 23:41:29', 'Authentication', 'Login', 'Successful'),
(0000000342, '12-050952', '2013-01-07 23:54:18', 'Authentication', 'Login', 'Successful'),
(0000000343, '12-050952', '2013-01-08 00:39:37', 'Authentication', 'Logout', 'Successful'),
(0000000344, '12-050952', '2013-01-08 00:40:43', 'Authentication', 'Login', 'Successful'),
(0000000345, '12-050952', '2013-01-08 05:16:33', 'Authentication', 'Logout', 'Successful'),
(0000000346, '12-033798', '2013-01-08 05:16:47', 'Authentication', 'Login', 'Successful'),
(0000000347, '12-033798', '2013-01-08 05:19:36', 'Authentication', 'Login', 'Successful'),
(0000000348, '12-033798', '2013-01-09 22:14:51', 'Authentication', 'Login', 'Successful'),
(0000000349, '12-033798', '2013-01-09 22:24:33', 'Authentication', 'Logout', 'Successful'),
(0000000350, '12-050952', '2013-01-09 22:24:36', 'Authentication', 'Login', 'Successful'),
(0000000351, '12-050952', '2013-01-10 00:20:07', 'Authentication', 'Logout', 'Successful'),
(0000000352, '12-000002', '2013-01-10 00:20:21', 'Authentication', 'Login', 'Successful'),
(0000000353, '12-050952', '2013-01-10 00:46:46', 'Authentication', 'Logout', 'Successful'),
(0000000354, '12-039547', '2013-01-10 00:46:53', 'Authentication', 'Login', 'Successful'),
(0000000355, '12-039547', '2013-01-10 00:58:46', 'Authentication', 'Logout', 'Successful'),
(0000000356, '12-050952', '2013-01-10 00:58:49', 'Authentication', 'Login', 'Successful'),
(0000000357, '12-050952', '2013-01-10 00:59:02', 'Authentication', 'Logout', 'Successful'),
(0000000358, '12-033798', '2013-01-10 00:59:06', 'Authentication', 'Login', 'Successful'),
(0000000359, '12-033798', '2013-01-10 00:59:49', 'Authentication', 'Logout', 'Successful'),
(0000000360, '12-006548', '2013-01-10 01:00:09', 'Authentication', 'Login', 'Successful'),
(0000000361, '12-006548', '2013-01-10 01:00:41', 'Authentication', 'Logout', 'Successful'),
(0000000362, '12-039547', '2013-01-10 01:00:44', 'Authentication', 'Login', 'Successful'),
(0000000363, '12-039547', '2013-01-10 01:05:52', 'Authentication', 'Logout', 'Successful'),
(0000000364, '12-033798', '2013-01-10 01:05:57', 'Authentication', 'Login', 'Successful'),
(0000000365, '12-033798', '2013-01-10 01:06:06', 'Authentication', 'Logout', 'Successful'),
(0000000366, '12-039547', '2013-01-10 01:06:09', 'Authentication', 'Login', 'Successful'),
(0000000367, '12-039547', '2013-01-10 01:07:20', 'Authentication', 'Logout', 'Successful'),
(0000000368, '12-033798', '2013-01-10 01:07:24', 'Authentication', 'Login', 'Successful'),
(0000000369, '12-033798', '2013-01-10 01:07:29', 'Authentication', 'Logout', 'Successful'),
(0000000370, '12-039547', '2013-01-10 01:07:33', 'Authentication', 'Login', 'Successful'),
(0000000371, '12-039547', '2013-01-10 10:51:43', 'Authentication', 'Login', 'Successful'),
(0000000372, '12-039547', '2013-01-10 13:01:03', 'Authentication', 'Logout', 'Successful'),
(0000000373, '12-039547', '2013-01-10 13:43:09', 'Authentication', 'Login', 'Successful'),
(0000000374, '12-039547', '2013-01-10 14:51:31', 'Authentication', 'Logout', 'Successful'),
(0000000375, '12-033798', '2013-01-10 14:51:34', 'Authentication', 'Login', 'Successful'),
(0000000376, '12-033798', '2013-01-12 16:23:19', 'Authentication', 'Login', 'Successful'),
(0000000377, '12-033798', '2013-01-12 16:23:40', 'Authentication', 'Logout', 'Successful'),
(0000000378, '12-039547', '2013-01-20 05:03:23', 'Authentication', 'Login', 'Successful'),
(0000000379, '12-039547', '2013-01-20 05:03:49', 'Authentication', 'Logout', 'Successful'),
(0000000380, '12-033798', '2013-01-20 05:03:51', 'Authentication', 'Login', 'Successful'),
(0000000381, '12-033798', '2013-01-20 05:07:21', 'Authentication', 'Logout', 'Successful'),
(0000000382, '12-039547', '2013-01-20 05:08:21', 'Authentication', 'Login', 'Successful'),
(0000000383, '12-039547', '2013-01-20 05:08:52', 'Authentication', 'Logout', 'Successful'),
(0000000384, '12-033798', '2013-01-20 08:51:24', 'Authentication', 'Login', 'Successful'),
(0000000385, '12-033798', '2013-01-20 09:13:45', 'Authentication', 'Logout', 'Successful'),
(0000000386, '12-039547', '2013-01-20 09:13:47', 'Authentication', 'Login', 'Successful'),
(0000000387, '12-039547', '2013-01-20 09:14:04', 'Authentication', 'Logout', 'Successful'),
(0000000388, '12-033798', '2013-01-20 09:14:25', 'Authentication', 'Login', 'Successful'),
(0000000389, '12-033798', '2013-01-20 11:22:44', 'Authentication', 'Logout', 'Successful'),
(0000000390, '12-033798', '2013-01-25 00:31:25', 'Authentication', 'Login', 'Successful'),
(0000000391, '12-033798', '2013-01-25 12:04:58', 'Authentication', 'Login', 'Successful'),
(0000000392, '12-033798', '2013-01-25 12:26:19', 'Authentication', 'Logout', 'Successful'),
(0000000393, '12-033798', '2013-01-25 12:28:50', 'Authentication', 'Login', 'Successful'),
(0000000394, '12-033798', '2013-01-25 12:32:29', 'Authentication', 'Logout', 'Successful'),
(0000000395, '12-033798', '2013-01-25 12:32:35', 'Authentication', 'Login', 'Successful'),
(0000000396, '12-033798', '2013-01-25 12:38:28', 'Authentication', 'Logout', 'Successful'),
(0000000397, '12-039547', '2013-01-25 12:38:51', 'Authentication', 'Login', 'Successful'),
(0000000398, '00-000001', '2013-01-29 13:49:50', 'Authentication', 'Login', 'Successful'),
(0000000399, '00-000001', '2013-01-29 17:06:54', 'Authentication', 'Logout', 'Successful'),
(0000000400, '00-000001', '2013-01-29 17:07:05', 'Authentication', 'Login', 'Successful'),
(0000000401, '00-000001', '2013-01-29 17:09:28', 'Authentication', 'Logout', 'Successful'),
(0000000402, '00-000001', '2013-01-29 17:09:35', 'Authentication', 'Login', 'Successful'),
(0000000403, '00-000001', '2013-01-30 08:28:29', 'Authentication', 'Login', 'Successful'),
(0000000404, '00-000001', '2013-01-30 08:52:01', 'Authentication', 'Logout', 'Successful'),
(0000000405, '12-039547', '2013-01-30 08:52:03', 'Authentication', 'Login', 'Successful'),
(0000000406, '12-039547', '2013-01-30 08:52:08', 'Authentication', 'Logout', 'Successful'),
(0000000407, '00-000001', '2013-01-30 08:52:15', 'Authentication', 'Login', 'Successful'),
(0000000408, '00-000001', '2013-01-30 09:45:00', 'Authentication', 'Logout', 'Successful'),
(0000000409, '00-000001', '2013-01-30 09:45:25', 'Authentication', 'Login', 'Successful'),
(0000000410, '00-000001', '2013-01-30 12:35:33', 'Authentication', 'Login', 'Successful'),
(0000000411, '12-033798', '2013-02-05 12:08:25', 'Authentication', 'Login', 'Successful'),
(0000000412, '12-033798', '2013-02-05 12:14:01', 'Authentication', 'Logout', 'Successful'),
(0000000413, '12-033798', '2013-02-06 14:41:44', 'Authentication', 'Login', 'Successful'),
(0000000414, '12-033798', '2013-02-06 14:42:54', 'Authentication', 'Logout', 'Successful'),
(0000000415, '12-033798', '2013-02-06 14:43:07', 'Authentication', 'Login', 'Successful'),
(0000000416, '12-033798', '2013-02-06 14:46:08', 'Authentication', 'Logout', 'Successful'),
(0000000417, '12-000002', '2013-02-06 23:02:44', 'Authentication', 'Login', 'Successful'),
(0000000418, '12-000002', '2013-02-06 23:03:20', 'Authentication', 'Logout', 'Successful'),
(0000000419, '00-000001', '2013-02-06 23:03:26', 'Authentication', 'Login', 'Successful'),
(0000000420, '00-000001', '2013-02-06 23:07:29', 'Authentication', 'Logout', 'Successful'),
(0000000421, '12-039547', '2013-02-06 23:07:34', 'Authentication', 'Login', 'Successful'),
(0000000422, '12-039547', '2013-02-06 23:07:43', 'Authentication', 'Logout', 'Successful'),
(0000000423, '00-000001', '2013-02-06 23:07:54', 'Authentication', 'Login', 'Successful'),
(0000000424, '00-000001', '2013-02-06 23:08:28', 'Authentication', 'Logout', 'Successful'),
(0000000425, '12-025816', '2013-02-06 23:08:36', 'Authentication', 'Login', 'Successful'),
(0000000426, '12-039547', '2013-02-06 23:08:42', 'Authentication', 'Login', 'Successful'),
(0000000427, '12-039547', '2013-02-06 23:20:18', 'Authentication', 'Logout', 'Successful'),
(0000000428, '00-000000', '2013-02-06 23:56:11', 'Authentication', 'Login', 'Successful'),
(0000000429, '00-000000', '2013-02-06 23:56:47', 'Authentication', 'Logout', 'Successful'),
(0000000430, '00-000001', '2013-02-06 23:56:55', 'Authentication', 'Login', 'Successful'),
(0000000431, '00-000001', '2013-02-07 00:01:43', 'Authentication', 'Logout', 'Successful'),
(0000000432, '12-039547', '2013-02-07 00:01:54', 'Authentication', 'Login', 'Successful'),
(0000000433, '12-039547', '2013-02-07 00:02:49', 'Authentication', 'Logout', 'Successful'),
(0000000434, '00-000000', '2013-02-07 00:02:56', 'Authentication', 'Login', 'Successful'),
(0000000435, '00-000000', '2013-02-07 00:03:07', 'Authentication', 'Logout', 'Successful'),
(0000000436, '00-000001', '2013-02-07 00:03:11', 'Authentication', 'Login', 'Successful'),
(0000000437, '00-000001', '2013-02-07 00:52:14', 'Authentication', 'Logout', 'Successful'),
(0000000438, '00-000000', '2013-02-07 00:52:22', 'Authentication', 'Login', 'Successful'),
(0000000439, '00-000000', '2013-02-07 01:02:45', 'Authentication', 'Logout', 'Successful'),
(0000000440, '12-039547', '2013-02-07 01:02:53', 'Authentication', 'Login', 'Successful'),
(0000000441, '12-039547', '2013-02-07 01:04:32', 'Authentication', 'Logout', 'Successful'),
(0000000442, '00-000000', '2013-02-07 01:04:36', 'Authentication', 'Login', 'Successful'),
(0000000443, '00-000000', '2013-02-07 01:28:25', 'Authentication', 'Logout', 'Successful'),
(0000000444, '00-000000', '2013-02-07 20:48:30', 'Authentication', 'Login', 'Successful'),
(0000000445, '00-000000', '2013-02-07 22:56:42', 'Authentication', 'Logout', 'Successful'),
(0000000446, '12-039547', '2013-02-07 22:56:51', 'Authentication', 'Login', 'Successful'),
(0000000447, '12-039547', '2013-02-07 23:00:10', 'Authentication', 'Logout', 'Successful'),
(0000000448, '00-000001', '2013-02-07 23:00:14', 'Authentication', 'Login', 'Successful'),
(0000000449, '12-039547', '2013-02-07 23:02:57', 'Authentication', 'Login', 'Successful'),
(0000000450, '12-039547', '2013-02-07 23:35:49', 'Authentication', 'Logout', 'Successful'),
(0000000451, '12-033798', '2013-02-07 23:36:00', 'Authentication', 'Login', 'Successful'),
(0000000452, '12-033798', '2013-02-07 23:36:25', 'Authentication', 'Logout', 'Successful'),
(0000000453, '12-039547', '2013-02-07 23:36:33', 'Authentication', 'Login', 'Successful'),
(0000000454, '12-039547', '2013-02-07 23:37:45', 'Authentication', 'Logout', 'Successful'),
(0000000455, '12-039547', '2013-02-07 23:37:49', 'Authentication', 'Login', 'Successful'),
(0000000456, '12-039547', '2013-02-07 23:37:51', 'Authentication', 'Logout', 'Successful'),
(0000000457, '12-025816', '2013-02-07 23:37:59', 'Authentication', 'Login', 'Successful'),
(0000000458, '12-025816', '2013-02-07 23:38:40', 'Authentication', 'Login', 'Successful'),
(0000000459, '00-000001', '2013-02-07 23:38:58', 'Authentication', 'Logout', 'Successful'),
(0000000460, '12-006548', '2013-02-07 23:39:12', 'Authentication', 'Login', 'Successful'),
(0000000461, '12-006548', '2013-02-07 23:40:01', 'Authentication', 'Logout', 'Successful'),
(0000000462, '12-050952', '2013-02-07 23:40:13', 'Authentication', 'Login', 'Successful'),
(0000000463, '12-050952', '2013-02-07 23:40:38', 'Authentication', 'Logout', 'Successful'),
(0000000464, '00-000001', '2013-02-07 23:40:41', 'Authentication', 'Login', 'Successful'),
(0000000465, '12-025816', '2013-02-07 23:41:11', 'Authentication', 'Logout', 'Successful'),
(0000000466, '12-025816', '2013-02-07 23:41:15', 'Authentication', 'Login', 'Successful'),
(0000000467, '00-000001', '2013-02-08 00:17:22', 'Authentication', 'Logout', 'Successful'),
(0000000468, '12-025816', '2013-02-08 00:17:31', 'Authentication', 'Login', 'Successful'),
(0000000469, '12-025816', '2013-02-08 00:19:30', 'Authentication', 'Logout', 'Successful'),
(0000000470, '00-000001', '2013-02-08 00:19:33', 'Authentication', 'Login', 'Successful'),
(0000000471, '12-025816', '2013-02-08 00:25:30', 'Authentication', 'Logout', 'Successful'),
(0000000472, '12-039547', '2013-02-08 00:25:38', 'Authentication', 'Login', 'Successful'),
(0000000473, '12-039547', '2013-02-08 00:25:49', 'Authentication', 'Logout', 'Successful'),
(0000000474, '00-000001', '2013-02-08 00:25:55', 'Authentication', 'Logout', 'Successful'),
(0000000475, '12-039547', '2013-02-10 22:40:13', 'Authentication', 'Login', 'Successful'),
(0000000476, '12-039547', '2013-02-11 11:27:46', 'Authentication', 'Login', 'Successful'),
(0000000477, '00-000001', '2013-02-11 11:29:05', 'Authentication', 'Login', 'Successful'),
(0000000478, '12-033798', '2013-02-12 11:11:37', 'Authentication', 'Login', 'Successful'),
(0000000479, '12-033798', '2013-02-12 11:12:02', 'Authentication', 'Logout', 'Successful'),
(0000000480, '12-039547', '2013-02-12 11:12:54', 'Authentication', 'Login', 'Successful'),
(0000000481, '12-039547', '2013-02-12 11:13:11', 'Authentication', 'Logout', 'Successful'),
(0000000482, '00-000001', '2013-02-12 11:17:42', 'Authentication', 'Login', 'Successful'),
(0000000483, '00-000001', '2013-02-12 11:21:31', 'Authentication', 'Logout', 'Successful'),
(0000000484, '00-000001', '2013-02-12 11:21:37', 'Authentication', 'Login', 'Successful'),
(0000000485, '00-000001', '2013-02-12 11:26:10', 'Authentication', 'Login', 'Successful'),
(0000000486, '00-000001', '2013-02-12 11:26:55', 'Authentication', 'Logout', 'Successful'),
(0000000487, '00-000001', '2013-02-12 11:27:03', 'Authentication', 'Login', 'Successful'),
(0000000488, '00-000001', '2013-02-12 12:03:22', 'Authentication', 'Logout', 'Successful'),
(0000000489, '12-039547', '2013-02-12 12:03:36', 'Authentication', 'Login', 'Successful'),
(0000000490, '12-039547', '2013-02-12 12:03:51', 'Authentication', 'Logout', 'Successful'),
(0000000491, '12-033798', '2013-02-12 12:04:06', 'Authentication', 'Login', 'Successful'),
(0000000492, '12-033798', '2013-02-12 12:04:23', 'Authentication', 'Logout', 'Successful'),
(0000000493, '12-039547', '2013-02-12 12:04:39', 'Authentication', 'Login', 'Successful'),
(0000000494, '00-000001', '2013-02-12 12:30:36', 'Faculty Default Login Information with ID  ', 'Added', 'Successfully'),
(0000000495, '00-000001', '2013-02-12 12:33:26', 'Grading Period', 'MIDTERMS', 'Successfully'),
(0000000496, '00-000001', '2013-02-12 12:34:02', 'Grading Period', 'PRELIMS', 'Successfully'),
(0000000497, '12-039547', '2013-02-12 12:34:16', 'Authentication', 'Logout', 'Successful'),
(0000000498, '00-000000', '2013-02-12 12:34:58', 'Authentication', 'Login', 'Successful'),
(0000000499, '00-000001', '2013-02-12 12:35:22', 'Grading Period', 'CLOSED', 'Successfully'),
(0000000500, '00-000000', '2013-02-12 12:47:24', 'Authentication', 'Logout', 'Successful'),
(0000000501, '00-000001', '2013-02-12 12:49:22', 'Grading Period', 'CLOSED', 'Successfully'),
(0000000502, '00-000001', '2013-02-12 15:15:08', 'Authentication', 'Login', 'Successful'),
(0000000503, '00-000001', '2013-02-12 15:15:33', 'Grading Period', 'MIDTERMS', 'Successfully'),
(0000000504, '00-000001', '2013-02-12 15:15:41', 'Grading Period', 'CLOSED', 'Successfully'),
(0000000505, '00-000001', '2013-02-12 15:15:44', 'Authentication', 'Logout', 'Successful'),
(0000000506, '12-039547', '2013-02-12 15:15:51', 'Authentication', 'Login', 'Successful'),
(0000000507, '00-000001', '2013-02-12 15:16:25', 'Authentication', 'Login', 'Successful'),
(0000000508, '12-039547', '2013-02-12 15:46:27', 'Authentication', 'Login', 'Successful'),
(0000000509, '00-000001', '2013-02-12 15:47:33', 'Grading Period', 'PRELIMS', 'Successfully'),
(0000000510, '00-000001', '2013-02-12 16:17:14', 'Subject Schedule', 'Added', 'Successful'),
(0000000511, '00-000001', '2013-02-12 16:20:02', 'Subject Schedule', 'Added', 'Successful'),
(0000000512, '00-000001', '2013-02-12 21:30:52', 'Authentication', 'Login', 'Successful'),
(0000000513, '00-000001', '2013-02-12 21:32:17', 'Authentication', 'Login', 'Successful'),
(0000000514, '00-000001', '2013-02-12 21:38:01', 'Subject Schedule with SS_ID: 15', 'Added', 'Successful'),
(0000000515, '00-000001', '2013-02-12 21:43:28', 'Authentication', 'Logout', 'Successful'),
(0000000516, '12-033798', '2013-02-12 21:43:46', 'Authentication', 'Login', 'Successful'),
(0000000517, '12-033798', '2013-02-12 21:45:10', 'Authentication', 'Logout', 'Successful'),
(0000000518, '00-000001', '2013-02-12 21:48:15', 'Authentication', 'Login', 'Successful'),
(0000000519, '00-000001', '2013-02-12 21:48:35', 'Authentication', 'Logout', 'Successful'),
(0000000520, '12-033798', '2013-02-12 21:48:41', 'Authentication', 'Login', 'Successful'),
(0000000521, '00-000001', '2013-02-12 21:49:53', 'Authentication', 'Logout', 'Successful'),
(0000000522, '12-033798', '2013-02-12 21:49:59', 'Authentication', 'Login', 'Successful'),
(0000000523, '12-033798', '2013-02-12 21:51:39', 'Authentication', 'Logout', 'Successful'),
(0000000524, '12-033798', '2013-02-12 21:51:53', 'Authentication', 'Login', 'Successful');
INSERT INTO `tb_audit_trail` (`audit_trail_tr_no`, `id`, `date`, `object`, `action`, `description`) VALUES
(0000000525, '12-033798', '2013-02-12 21:51:57', 'Authentication', 'Logout', 'Successful'),
(0000000526, '12-033798', '2013-02-12 21:53:23', 'Authentication', 'Logout', 'Successful'),
(0000000527, '00-000001', '2013-02-15 01:36:40', 'Authentication', 'Login', 'Successful'),
(0000000528, '00-000001', '2013-02-15 01:37:27', 'Faculty Information with Staff ID 13-0477824 ', 'Added', 'Successful'),
(0000000529, '00-000001', '2013-02-15 01:37:27', 'Faculty Emergency Contact Information with ID 13-0477824 ', 'Added', 'Successfully'),
(0000000530, '00-000001', '2013-02-15 01:37:27', 'Faculty Default Login Information with ID 13-0477824 ', 'Added', 'Successfully'),
(0000000531, '00-000001', '2013-02-15 01:39:52', 'Authentication', 'Logout', 'Successful'),
(0000000532, '13-047782', '2013-02-15 01:40:36', 'Authentication', 'Login', 'Successful'),
(0000000533, '13-047782', '2013-02-15 01:40:57', 'Authentication', 'Logout', 'Successful'),
(0000000534, '00-000001', '2013-02-15 01:41:03', 'Authentication', 'Login', 'Successful'),
(0000000535, '00-000001', '2013-02-15 01:41:45', 'Student Information with ID 13-0861569 ', 'Added', 'Successful'),
(0000000536, '00-000001', '2013-02-15 01:44:24', 'Student Information with ID 13-0596638 ', 'Added', 'Successful'),
(0000000537, '00-000001', '2013-02-15 01:44:24', 'Student Schools Attended with ID 13-0596638 ', 'Added', 'Successfully'),
(0000000538, '00-000001', '2013-02-15 01:44:24', 'Student Emergency Contact Information with ID 13-0596638 ', 'Added', 'Successfully'),
(0000000539, '00-000001', '2013-02-15 01:44:24', 'Student Default Login Information with ID 13-0596638 ', 'Added', 'Successfully'),
(0000000540, '00-000000', '2013-02-17 08:42:26', 'Authentication', 'Login', 'Successful'),
(0000000541, '00-000000', '2013-02-17 08:42:39', 'Authentication', 'Logout', 'Successful'),
(0000000542, '00-000001', '2013-02-17 08:42:43', 'Authentication', 'Login', 'Successful'),
(0000000543, '00-000001', '2013-02-17 08:43:03', 'Authentication', 'Logout', 'Successful'),
(0000000544, '00-000001', '2013-02-17 08:43:40', 'Authentication', 'Login', 'Successful'),
(0000000545, '00-000001', '2013-02-17 08:44:25', 'Student Information with ID 13-0823090 ', 'Added', 'Successful'),
(0000000546, '00-000001', '2013-02-17 08:44:25', 'Student Schools Attended with ID 13-0823090 ', 'Added', 'But Empty or NOT completed'),
(0000000547, '00-000001', '2013-02-17 08:44:25', 'Student Emergency Contact Information with ID 13-0823090 ', 'Added', 'Successfully'),
(0000000548, '00-000001', '2013-02-17 08:44:25', 'Student Default Login Information with ID 13-0823090 ', 'Added', 'Successfully'),
(0000000549, '00-000001', '2013-02-17 08:45:55', 'Authentication', 'Logout', 'Successful'),
(0000000550, '13-082309', '2013-02-17 08:46:25', 'Authentication', 'Login', 'Successful'),
(0000000551, '13-082309', '2013-02-17 08:47:30', 'Authentication', 'Logout', 'Successful'),
(0000000552, '00-000001', '2013-02-17 08:47:36', 'Authentication', 'Login', 'Successful'),
(0000000553, '00-000001', '2013-02-17 08:48:07', 'Authentication', 'Logout', 'Successful'),
(0000000554, '12-039547', '2013-02-17 08:48:21', 'Authentication', 'Login', 'Successful'),
(0000000555, '12-039547', '2013-02-17 08:48:29', 'Authentication', 'Logout', 'Successful'),
(0000000556, '00-000001', '2013-02-17 08:48:34', 'Authentication', 'Login', 'Successful'),
(0000000557, '00-000001', '2013-02-17 08:48:46', 'Grading Period', 'PRELIMS', 'Successfully'),
(0000000558, '00-000001', '2013-02-17 08:48:51', 'Authentication', 'Logout', 'Successful'),
(0000000559, '12-039547', '2013-02-17 08:48:55', 'Authentication', 'Login', 'Successful'),
(0000000560, '12-039547', '2013-02-17 08:48:59', 'Authentication', 'Logout', 'Successful'),
(0000000561, '00-000001', '2013-02-17 08:49:03', 'Authentication', 'Login', 'Successful'),
(0000000562, '00-000001', '2013-02-17 08:49:16', 'Authentication', 'Logout', 'Successful'),
(0000000563, '12-025816', '2013-02-17 08:49:26', 'Authentication', 'Login', 'Successful'),
(0000000564, '12-025816', '2013-02-17 08:50:28', 'Authentication', 'Logout', 'Successful'),
(0000000565, '00-000001', '2013-02-17 08:50:31', 'Authentication', 'Login', 'Successful'),
(0000000566, '00-000001', '2013-02-17 08:51:12', 'Authentication', 'Logout', 'Successful'),
(0000000567, '12-025816', '2013-02-17 08:51:16', 'Authentication', 'Login', 'Successful'),
(0000000568, '00-000000', '2013-02-18 05:37:29', 'Authentication', 'Login', 'Successful'),
(0000000569, '00-000000', '2013-02-18 05:39:12', 'Authentication', 'Logout', 'Successful'),
(0000000570, '00-000001', '2013-02-18 05:39:17', 'Authentication', 'Login', 'Successful'),
(0000000571, '00-000001', '2013-02-18 05:39:50', 'Student Information with ID 13-0703663 ', 'Added', 'Successful'),
(0000000572, '00-000001', '2013-02-18 05:39:50', 'Student Schools Attended with ID 13-0703663 ', 'Added', 'But Empty or NOT completed'),
(0000000573, '00-000001', '2013-02-18 05:39:50', 'Student Emergency Contact Information with ID 13-0703663 ', 'Added', 'Successfully'),
(0000000574, '00-000001', '2013-02-18 05:39:50', 'Student Default Login Information with ID 13-0703663 ', 'Added', 'Successfully'),
(0000000575, '00-000001', '2013-02-18 05:40:53', 'Authentication', 'Logout', 'Successful'),
(0000000576, '13-070366', '2013-02-18 05:41:07', 'Authentication', 'Login', 'Successful'),
(0000000577, '13-070366', '2013-02-18 05:41:58', 'Authentication', 'Logout', 'Successful'),
(0000000578, '00-000001', '2013-02-18 05:42:03', 'Authentication', 'Login', 'Successful'),
(0000000579, '00-000001', '2013-02-18 05:42:25', 'Authentication', 'Logout', 'Successful'),
(0000000580, '12-039547', '2013-02-18 05:42:39', 'Authentication', 'Login', 'Successful'),
(0000000581, '12-039547', '2013-02-18 05:43:52', 'Authentication', 'Logout', 'Successful'),
(0000000582, '13-070366', '2013-02-18 05:45:37', 'Authentication', 'Login', 'Successful'),
(0000000583, '13-070366', '2013-02-18 05:45:50', 'Authentication', 'Logout', 'Successful'),
(0000000584, '13-082309', '2013-02-18 08:48:35', 'Authentication', 'Login', 'Successful'),
(0000000585, '13-082309', '2013-02-18 08:48:41', 'Authentication', 'Logout', 'Successful'),
(0000000586, '12-025816', '2013-02-18 08:50:05', 'Authentication', 'Login', 'Successful'),
(0000000587, '12-025816', '2013-02-18 08:50:47', 'Authentication', 'Logout', 'Successful'),
(0000000588, '00-000001', '2013-02-18 08:50:51', 'Authentication', 'Login', 'Successful'),
(0000000589, '00-000001', '2013-02-18 08:50:56', 'Grading Period', 'MIDTERMS', 'Successfully'),
(0000000590, '00-000001', '2013-02-18 08:50:59', 'Authentication', 'Logout', 'Successful'),
(0000000591, '12-025816', '2013-02-18 08:51:02', 'Authentication', 'Login', 'Successful'),
(0000000592, '12-025816', '2013-02-18 08:51:59', 'Authentication', 'Logout', 'Successful'),
(0000000593, '00-000001', '2013-02-18 08:52:06', 'Authentication', 'Login', 'Successful'),
(0000000594, '00-000001', '2013-02-18 08:52:12', 'Grading Period', 'FINALS', 'Successfully'),
(0000000595, '00-000001', '2013-02-18 08:52:15', 'Authentication', 'Logout', 'Successful'),
(0000000596, '12-025816', '2013-02-18 08:52:22', 'Authentication', 'Login', 'Successful'),
(0000000597, '12-025816', '2013-02-18 08:52:37', 'Authentication', 'Logout', 'Successful'),
(0000000598, '13-082309', '2013-02-18 08:52:45', 'Authentication', 'Login', 'Successful'),
(0000000599, '13-082309', '2013-02-18 08:52:54', 'Authentication', 'Logout', 'Successful'),
(0000000600, '00-000001', '2013-02-18 08:53:01', 'Authentication', 'Login', 'Successful'),
(0000000601, '00-000001', '2013-02-18 08:53:28', 'Authentication', 'Logout', 'Successful'),
(0000000602, '13-082309', '2013-02-18 08:53:36', 'Authentication', 'Login', 'Successful'),
(0000000603, '13-082309', '2013-02-18 08:53:48', 'Authentication', 'Logout', 'Successful'),
(0000000604, '13-082309', '2013-02-18 08:54:05', 'Authentication', 'Login', 'Successful'),
(0000000605, '13-082309', '2013-02-18 08:54:17', 'Authentication', 'Logout', 'Successful'),
(0000000606, '12-025816', '2013-02-18 08:54:28', 'Authentication', 'Login', 'Successful'),
(0000000607, '12-025816', '2013-02-18 08:54:53', 'Authentication', 'Logout', 'Successful'),
(0000000608, '12-025816', '2013-02-18 08:54:59', 'Authentication', 'Login', 'Successful'),
(0000000609, '12-025816', '2013-02-18 09:31:18', 'Authentication', 'Logout', 'Successful'),
(0000000610, '00-000001', '2013-02-18 09:52:03', 'Authentication', 'Login', 'Successful'),
(0000000611, '00-000001', '2013-02-18 09:52:21', 'Grading Period', 'MIDTERMS', 'Successfully'),
(0000000612, '00-000001', '2013-02-18 09:52:24', 'Authentication', 'Logout', 'Successful'),
(0000000613, '12-025816', '2013-02-18 09:52:29', 'Authentication', 'Login', 'Successful'),
(0000000614, '00-000000', '2013-02-19 10:25:17', 'Authentication', 'Login', 'Successful'),
(0000000615, '00-000000', '2013-02-19 10:25:36', 'Authentication', 'Logout', 'Successful'),
(0000000616, '00-000001', '2013-02-19 15:08:03', 'Authentication', 'Login', 'Successful'),
(0000000617, '00-000001', '2013-02-19 15:08:54', 'Student Information with ID 13-0179186 ', 'Added', 'Successful'),
(0000000618, '00-000001', '2013-02-19 15:08:54', 'Student Schools Attended with ID 13-0179186 ', 'Added', 'But Empty or NOT completed'),
(0000000619, '00-000001', '2013-02-19 15:08:54', 'Student Emergency Contact Information with ID 13-0179186 ', 'Added', 'Successfully'),
(0000000620, '00-000001', '2013-02-19 15:08:54', 'Student Default Login Information with ID 13-0179186 ', 'Added', 'Successfully'),
(0000000621, '00-000001', '2013-02-19 15:09:15', 'Authentication', 'Logout', 'Successful'),
(0000000622, '00-000001', '2013-02-19 15:09:19', 'Authentication', 'Login', 'Successful'),
(0000000623, '00-000001', '2013-02-19 15:09:29', 'Authentication', 'Logout', 'Successful'),
(0000000624, '13-017918', '2013-02-19 15:10:07', 'Authentication', 'Login', 'Successful'),
(0000000625, '13-017918', '2013-02-19 15:10:32', 'Authentication', 'Logout', 'Successful'),
(0000000626, '00-000001', '2013-02-19 15:10:39', 'Authentication', 'Login', 'Successful'),
(0000000627, '00-000001', '2013-02-19 15:11:07', 'Authentication', 'Logout', 'Successful'),
(0000000628, '12-039547', '2013-02-19 15:11:15', 'Authentication', 'Login', 'Successful'),
(0000000629, '12-039547', '2013-02-19 15:12:06', 'Authentication', 'Logout', 'Successful'),
(0000000630, '00-000001', '2013-02-19 15:12:45', 'Authentication', 'Login', 'Successful'),
(0000000631, '00-000001', '2013-02-19 15:12:50', 'Grading Period', 'MIDTERMS', 'Successfully'),
(0000000632, '00-000001', '2013-02-19 15:12:53', 'Authentication', 'Logout', 'Successful'),
(0000000633, '13-017918', '2013-02-19 15:13:01', 'Authentication', 'Login', 'Successful'),
(0000000634, '13-017918', '2013-02-19 15:13:06', 'Authentication', 'Logout', 'Successful'),
(0000000635, '12-039547', '2013-02-19 15:13:23', 'Authentication', 'Login', 'Successful'),
(0000000636, '12-039547', '2013-02-19 15:27:00', 'Authentication', 'Logout', 'Successful'),
(0000000637, '13-017918', '2013-02-19 15:27:07', 'Authentication', 'Login', 'Successful'),
(0000000638, '13-017918', '2013-02-19 15:27:13', 'Authentication', 'Logout', 'Successful'),
(0000000639, '00-000001', '2013-02-19 15:27:17', 'Authentication', 'Login', 'Successful'),
(0000000640, '00-000001', '2013-02-19 15:27:30', 'Authentication', 'Logout', 'Successful'),
(0000000641, '13-017918', '2013-02-19 15:27:35', 'Authentication', 'Login', 'Successful'),
(0000000642, '13-017918', '2013-02-19 15:27:39', 'Authentication', 'Logout', 'Successful'),
(0000000643, '00-000001', '2013-02-19 15:27:43', 'Authentication', 'Login', 'Successful'),
(0000000644, '00-000001', '2013-02-19 15:27:48', 'Grading Period', 'CLOSED', 'Successfully'),
(0000000645, '00-000001', '2013-02-19 15:27:51', 'Authentication', 'Logout', 'Successful'),
(0000000646, '12-039547', '2013-02-19 15:28:06', 'Authentication', 'Login', 'Successful'),
(0000000647, '12-039547', '2013-02-19 15:28:19', 'Authentication', 'Logout', 'Successful'),
(0000000648, '00-000001', '2013-02-19 15:28:31', 'Authentication', 'Login', 'Successful'),
(0000000649, '00-000001', '2013-02-19 15:28:37', 'Grading Period', 'MIDTERMS', 'Successfully'),
(0000000650, '00-000001', '2013-02-19 15:28:40', 'Authentication', 'Logout', 'Successful'),
(0000000651, '00-000001', '2013-02-19 15:28:45', 'Authentication', 'Login', 'Successful'),
(0000000652, '00-000001', '2013-02-19 15:28:55', 'Authentication', 'Logout', 'Successful'),
(0000000653, '12-039547', '2013-02-19 15:29:03', 'Authentication', 'Login', 'Successful'),
(0000000654, '12-039547', '2013-02-19 15:29:21', 'Authentication', 'Logout', 'Successful'),
(0000000655, '12-039547', '2013-02-20 02:23:10', 'Authentication', 'Login', 'Successful'),
(0000000656, '12-039547', '2013-02-20 02:24:16', 'Authentication', 'Logout', 'Successful'),
(0000000657, '00-000001', '2013-02-20 02:24:20', 'Authentication', 'Login', 'Successful'),
(0000000658, '00-000001', '2013-02-20 02:25:45', 'Authentication', 'Logout', 'Successful'),
(0000000659, '12-039547', '2013-02-20 02:25:52', 'Authentication', 'Login', 'Successful'),
(0000000660, '12-039547', '2013-02-20 02:49:04', 'Authentication', 'Logout', 'Successful'),
(0000000661, '13-017918', '2013-02-20 07:20:58', 'Authentication', 'Login', 'Successful'),
(0000000662, '13-017918', '2013-02-20 07:22:54', 'Authentication', 'Logout', 'Successful'),
(0000000663, '00-000001', '2013-02-20 07:23:06', 'Authentication', 'Login', 'Successful'),
(0000000664, '00-000001', '2013-02-20 07:26:26', 'Student Information with ID 13-0293253 ', 'Added', 'Successful'),
(0000000665, '00-000001', '2013-02-20 07:27:12', 'Student Information with ID 13-0594436 ', 'Added', 'Successful'),
(0000000666, '00-000001', '2013-02-20 07:27:12', 'Student Schools Attended with ID 13-0594436 ', 'Added', 'But Empty or NOT completed'),
(0000000667, '00-000001', '2013-02-20 07:27:12', 'Student Emergency Contact Information with ID 13-0594436 ', 'Added', 'Successfully'),
(0000000668, '00-000001', '2013-02-20 07:27:12', 'Student Default Login Information with ID 13-0594436 ', 'Added', 'Successfully'),
(0000000669, '00-000001', '2013-02-20 07:27:50', 'Authentication', 'Logout', 'Successful'),
(0000000670, '13-059443', '2013-02-20 07:29:33', 'Authentication', 'Login', 'Successful'),
(0000000671, '13-059443', '2013-02-20 07:31:50', 'Authentication', 'Logout', 'Successful'),
(0000000672, '13-059443', '2013-02-20 07:32:07', 'Authentication', 'Login', 'Successful'),
(0000000673, '13-059443', '2013-02-20 07:35:39', 'Authentication', 'Logout', 'Successful'),
(0000000674, '00-000001', '2013-02-20 07:35:44', 'Authentication', 'Login', 'Successful'),
(0000000675, '00-000001', '2013-02-20 07:40:46', 'Authentication', 'Logout', 'Successful'),
(0000000676, '12-039547', '2013-02-20 07:41:09', 'Authentication', 'Login', 'Successful'),
(0000000677, '12-039547', '2013-02-20 07:41:24', 'Authentication', 'Logout', 'Successful'),
(0000000678, '12-039547', '2013-02-20 07:41:40', 'Authentication', 'Login', 'Successful'),
(0000000679, '12-039547', '2013-02-20 07:45:30', 'Authentication', 'Logout', 'Successful'),
(0000000680, '00-000001', '2013-02-20 07:45:34', 'Authentication', 'Login', 'Successful'),
(0000000681, '00-000001', '2013-02-20 07:46:17', 'Grading Period', 'CLOSED', 'Successfully'),
(0000000682, '00-000001', '2013-02-20 07:46:21', 'Authentication', 'Logout', 'Successful'),
(0000000683, '12-039547', '2013-02-20 07:46:29', 'Authentication', 'Login', 'Successful'),
(0000000684, '12-039547', '2013-02-20 07:46:37', 'Authentication', 'Logout', 'Successful'),
(0000000685, '00-000001', '2013-02-20 07:46:56', 'Authentication', 'Login', 'Successful'),
(0000000686, '00-000001', '2013-02-20 07:47:12', 'Grading Period', 'PRELIMS', 'Successfully'),
(0000000687, '00-000001', '2013-02-20 07:47:19', 'Authentication', 'Logout', 'Successful'),
(0000000688, '00-000001', '2013-02-20 07:47:34', 'Authentication', 'Login', 'Successful'),
(0000000689, '00-000001', '2013-02-20 07:48:45', 'Student Information with ID 13-0529205 ', 'Added', 'Successful'),
(0000000690, '00-000001', '2013-02-20 07:48:45', 'Student Schools Attended with ID 13-0529205 ', 'Added', 'But Empty or NOT completed'),
(0000000691, '00-000001', '2013-02-20 07:48:45', 'Student Emergency Contact Information with ID 13-0529205 ', 'Added', 'Successfully'),
(0000000692, '00-000001', '2013-02-20 07:48:45', 'Student Default Login Information with ID 13-0529205 ', 'Added', 'Successfully'),
(0000000693, '00-000001', '2013-02-20 07:49:08', 'Authentication', 'Logout', 'Successful'),
(0000000694, '13-052920', '2013-02-20 07:49:29', 'Authentication', 'Login', 'Successful'),
(0000000695, '13-052920', '2013-02-20 07:52:02', 'Authentication', 'Logout', 'Successful'),
(0000000696, '00-000001', '2013-02-20 07:52:09', 'Authentication', 'Login', 'Successful'),
(0000000697, '00-000001', '2013-02-20 07:52:32', 'Authentication', 'Logout', 'Successful'),
(0000000698, '13-052920', '2013-02-20 07:52:55', 'Authentication', 'Login', 'Successful'),
(0000000699, '13-052920', '2013-02-20 07:52:59', 'Authentication', 'Logout', 'Successful'),
(0000000700, '00-000001', '2013-02-20 07:53:09', 'Authentication', 'Login', 'Successful'),
(0000000701, '00-000001', '2013-02-20 07:54:58', 'Student Information with ID 13-0207123 ', 'Added', 'Successful'),
(0000000702, '00-000001', '2013-02-20 07:54:58', 'Student Schools Attended with ID 13-0207123 ', 'Added', 'But Empty or NOT completed'),
(0000000703, '00-000001', '2013-02-20 07:54:58', 'Student Emergency Contact Information with ID 13-0207123 ', 'Added', 'Successfully'),
(0000000704, '00-000001', '2013-02-20 07:54:58', 'Student Default Login Information with ID 13-0207123 ', 'Added', 'Successfully'),
(0000000705, '00-000001', '2013-02-20 07:55:15', 'Authentication', 'Logout', 'Successful'),
(0000000706, '13-020712', '2013-02-20 07:55:27', 'Authentication', 'Login', 'Successful'),
(0000000707, '13-020712', '2013-02-20 07:55:38', 'Authentication', 'Logout', 'Successful'),
(0000000708, '00-000001', '2013-02-20 07:55:46', 'Authentication', 'Login', 'Successful'),
(0000000709, '00-000001', '2013-02-20 07:56:31', 'Authentication', 'Logout', 'Successful'),
(0000000710, '13-020712', '2013-02-20 07:56:50', 'Authentication', 'Login', 'Successful'),
(0000000711, '13-020712', '2013-02-20 09:43:09', 'Authentication', 'Logout', 'Successful'),
(0000000712, '00-000001', '2013-02-20 09:57:33', 'Authentication', 'Login', 'Successful'),
(0000000713, '00-000001', '2013-02-20 09:59:57', 'Student Information with ID 13-0115553 ', 'Added', 'Successful'),
(0000000714, '00-000001', '2013-02-20 09:59:57', 'Student Schools Attended with ID 13-0115553 ', 'Added', 'But Empty or NOT completed'),
(0000000715, '00-000001', '2013-02-20 09:59:57', 'Student Emergency Contact Information with ID 13-0115553 ', 'Added', 'Successfully'),
(0000000716, '00-000001', '2013-02-20 09:59:57', 'Student Default Login Information with ID 13-0115553 ', 'Added', 'Successfully'),
(0000000717, '00-000001', '2013-02-20 10:08:53', 'Student Information with ID 13-063036 ', 'Added', 'Successful'),
(0000000718, '00-000001', '2013-02-20 10:08:53', 'Student Schools Attended with ID 13-063036 ', 'Added', 'But Empty or NOT completed'),
(0000000719, '00-000001', '2013-02-20 10:08:53', 'Student Emergency Contact Information with ID 13-063036 ', 'Added', 'Successfully'),
(0000000720, '00-000001', '2013-02-20 10:08:53', 'Student Default Login Information with ID 13-063036 ', 'Added', 'Successfully'),
(0000000721, '00-000001', '2013-02-20 10:09:09', 'Authentication', 'Logout', 'Successful'),
(0000000722, '13-063036', '2013-02-20 10:09:37', 'Authentication', 'Login', 'Successful'),
(0000000723, '13-063036', '2013-02-20 10:10:10', 'Authentication', 'Logout', 'Successful'),
(0000000724, '00-000001', '2013-02-20 10:10:17', 'Authentication', 'Login', 'Successful'),
(0000000725, '00-000001', '2013-02-20 10:10:54', 'Authentication', 'Logout', 'Successful'),
(0000000726, '12-039547', '2013-02-20 10:11:00', 'Authentication', 'Login', 'Successful'),
(0000000727, '12-039547', '2013-02-20 10:11:30', 'Authentication', 'Logout', 'Successful'),
(0000000728, '00-000001', '2013-02-20 10:11:35', 'Authentication', 'Login', 'Successful'),
(0000000729, '00-000001', '2013-02-20 10:11:40', 'Grading Period', 'MIDTERMS', 'Successfully'),
(0000000730, '00-000001', '2013-02-20 10:11:42', 'Authentication', 'Logout', 'Successful'),
(0000000731, '12-039547', '2013-02-20 10:11:48', 'Authentication', 'Login', 'Successful'),
(0000000732, '12-039547', '2013-02-20 10:12:14', 'Authentication', 'Logout', 'Successful'),
(0000000733, '13-063036', '2013-02-20 10:12:20', 'Authentication', 'Login', 'Successful'),
(0000000734, '13-063036', '2013-02-20 10:12:37', 'Authentication', 'Logout', 'Successful'),
(0000000735, '00-000001', '2013-02-20 10:12:44', 'Authentication', 'Login', 'Successful'),
(0000000736, '00-000001', '2013-02-20 10:13:51', 'Grading Period', 'MIDTERMS', 'Successfully'),
(0000000737, '00-000001', '2013-02-20 10:13:56', 'Authentication', 'Logout', 'Successful'),
(0000000738, '00-000001', '2013-02-20 10:14:24', 'Authentication', 'Login', 'Successful'),
(0000000739, '00-000001', '2013-02-20 10:14:29', 'Grading Period', 'FINALS', 'Successfully'),
(0000000740, '00-000001', '2013-02-20 10:14:51', 'Authentication', 'Logout', 'Successful'),
(0000000741, '12-039547', '2013-02-20 10:14:59', 'Authentication', 'Login', 'Successful'),
(0000000742, '12-039547', '2013-02-20 10:16:11', 'Authentication', 'Logout', 'Successful'),
(0000000743, '00-000001', '2013-02-20 10:16:22', 'Authentication', 'Login', 'Successful'),
(0000000744, '00-000001', '2013-02-20 10:16:28', 'Grading Period', 'PRELIMS', 'Successfully'),
(0000000745, '00-000001', '2013-02-20 10:17:36', 'Grading Period', 'CLOSED', 'Successfully'),
(0000000746, '00-000001', '2013-02-20 10:26:38', 'Authentication', 'Logout', 'Successful'),
(0000000747, '13-063036', '2013-02-20 10:26:43', 'Authentication', 'Login', 'Successful'),
(0000000748, '13-063036', '2013-02-20 10:28:10', 'Authentication', 'Logout', 'Successful'),
(0000000749, '12-039547', '2013-02-20 12:03:27', 'Authentication', 'Login', 'Successful'),
(0000000750, '12-039547', '2013-02-20 12:03:41', 'Authentication', 'Logout', 'Successful'),
(0000000751, '00-000001', '2013-02-20 12:03:44', 'Authentication', 'Login', 'Successful'),
(0000000752, '00-000001', '2013-02-20 12:03:59', 'Grading Period', 'PRELIMS', 'Successfully'),
(0000000753, '00-000001', '2013-02-20 12:04:15', 'Grading Period', 'MIDTERMS', 'Successfully'),
(0000000754, '00-000001', '2013-02-20 12:04:31', 'Grading Period', 'FINALS', 'Successfully'),
(0000000755, '00-000001', '2013-02-20 12:04:37', 'Grading Period', 'CLOSED', 'Successfully'),
(0000000756, '00-000001', '2013-02-20 12:04:54', 'Grading Period', 'PRELIMS', 'Successfully'),
(0000000757, '00-000001', '2013-02-20 12:05:00', 'Grading Period', 'MIDTERMS', 'Successfully'),
(0000000758, '00-000001', '2013-02-20 12:05:03', 'Authentication', 'Logout', 'Successful'),
(0000000759, '12-039547', '2013-02-20 12:05:08', 'Authentication', 'Login', 'Successful'),
(0000000760, '12-039547', '2013-02-20 12:05:20', 'Authentication', 'Logout', 'Successful'),
(0000000761, '13-063036', '2013-02-20 12:05:24', 'Authentication', 'Login', 'Successful'),
(0000000762, '13-063036', '2013-02-20 12:05:28', 'Authentication', 'Logout', 'Successful'),
(0000000763, '12-039547', '2013-02-20 12:05:35', 'Authentication', 'Login', 'Successful'),
(0000000764, '12-039547', '2013-02-21 10:24:48', 'Authentication', 'Logout', 'Successful'),
(0000000765, '13-063036', '2013-02-21 10:25:06', 'Authentication', 'Login', 'Successful'),
(0000000766, '13-063036', '2013-02-21 10:25:12', 'Authentication', 'Logout', 'Successful'),
(0000000767, '00-000001', '2013-02-21 10:25:16', 'Authentication', 'Login', 'Successful'),
(0000000768, '00-000001', '2013-02-21 10:25:21', 'Grading Period', 'MIDTERMS', 'Successfully'),
(0000000769, '00-000001', '2013-02-21 10:25:23', 'Authentication', 'Logout', 'Successful'),
(0000000770, '12-039547', '2013-02-21 10:25:30', 'Authentication', 'Login', 'Successful'),
(0000000771, '12-039547', '2013-02-25 15:50:07', 'Authentication', 'Login', 'Successful'),
(0000000772, '12-039547', '2013-02-25 15:53:01', 'Authentication', 'Logout', 'Successful'),
(0000000773, '00-000001', '2013-02-25 15:53:08', 'Authentication', 'Login', 'Successful'),
(0000000774, '00-000001', '2013-02-25 15:53:12', 'Grading Period', 'PRELIMS', 'Successfully'),
(0000000775, '00-000001', '2013-02-25 15:53:16', 'Authentication', 'Logout', 'Successful'),
(0000000776, '12-039547', '2013-02-25 15:53:24', 'Authentication', 'Login', 'Successful'),
(0000000777, '', '2014-01-30 18:44:23', 'Authentication', 'Login', 'Successful'),
(0000000778, '', '2014-01-30 19:03:02', 'Authentication', 'Login', 'Successful'),
(0000000779, '1', '2014-01-30 19:20:10', 'Authentication', 'Logout', 'Successful'),
(0000000780, '', '2014-01-30 19:20:42', 'Authentication', 'Logout', 'Successful'),
(0000000781, '', '2014-01-30 19:47:12', 'Authentication', 'Login', 'Successful'),
(0000000782, '23', '2014-01-30 19:47:13', 'Authentication', 'Logout', 'Successful'),
(0000000783, '', '2014-01-30 20:59:02', 'Authentication', 'Login', 'Successful'),
(0000000784, '24', '2014-01-30 21:20:34', 'Authentication', 'Logout', 'Successful'),
(0000000785, '', '2014-01-30 21:20:55', 'Authentication', 'Login', 'Successful'),
(0000000786, '1', '2014-01-30 21:21:56', 'Authentication', 'Logout', 'Successful'),
(0000000787, '', '2014-01-30 21:22:05', 'Authentication', 'Login', 'Successful'),
(0000000788, '1', '2014-01-30 21:23:21', 'Authentication', 'Logout', 'Successful'),
(0000000789, '', '2014-01-30 21:31:33', 'Authentication', 'Login', 'Successful'),
(0000000790, '25', '2014-01-30 21:34:41', 'Authentication', 'Logout', 'Successful'),
(0000000791, '', '2014-01-30 21:34:56', 'Authentication', 'Login', 'Successful'),
(0000000792, '25', '2014-01-30 21:36:30', 'Authentication', 'Logout', 'Successful'),
(0000000793, '', '2014-01-30 21:37:41', 'Authentication', 'Login', 'Successful'),
(0000000794, '26', '2014-01-30 21:37:45', 'Authentication', 'Logout', 'Successful'),
(0000000795, '', '2014-01-30 21:39:39', 'Authentication', 'Login', 'Successful'),
(0000000796, '27', '2014-01-30 21:39:41', 'Authentication', 'Logout', 'Successful'),
(0000000797, '', '2014-01-30 21:39:50', 'Authentication', 'Login', 'Successful'),
(0000000798, '25', '2014-01-30 21:40:05', 'Authentication', 'Logout', 'Successful'),
(0000000799, '', '2014-01-30 21:40:39', 'Authentication', 'Login', 'Successful'),
(0000000800, '1', '2014-01-30 21:42:15', 'Authentication', 'Logout', 'Successful'),
(0000000801, '', '2014-01-30 21:44:27', 'Authentication', 'Login', 'Successful'),
(0000000802, '1', '2014-01-30 21:45:03', 'Authentication', 'Logout', 'Successful'),
(0000000803, '', '2014-01-30 21:47:48', 'Authentication', 'Login', 'Successful'),
(0000000804, '1', '2014-01-30 21:48:00', 'Authentication', 'Logout', 'Successful'),
(0000000805, '', '2014-01-30 21:56:09', 'Authentication', 'Login', 'Successful'),
(0000000806, '1', '2014-01-30 21:56:16', 'Authentication', 'Logout', 'Successful'),
(0000000807, '', '2014-01-30 22:04:01', 'Authentication', 'Login', 'Successful'),
(0000000808, '1', '2014-01-30 22:04:04', 'Authentication', 'Logout', 'Successful'),
(0000000809, '', '2014-01-30 22:05:56', 'Authentication', 'Login', 'Successful'),
(0000000810, '1', '2014-01-30 22:05:58', 'Authentication', 'Logout', 'Successful'),
(0000000811, '', '2014-01-30 22:06:00', 'Authentication', 'Logout', 'Successful'),
(0000000812, '', '2014-02-01 01:36:42', 'Authentication', 'Login', 'Successful'),
(0000000813, '2', '2014-02-01 02:02:52', 'Authentication', 'Logout', 'Successful'),
(0000000814, '', '2014-02-01 02:02:58', 'Authentication', 'Login', 'Successful'),
(0000000815, '', '2014-02-01 02:03:16', 'Authentication', 'Logout', 'Successful'),
(0000000816, '', '2014-02-01 02:03:20', 'Authentication', 'Login', 'Successful'),
(0000000817, '', '2014-02-01 02:03:22', 'Authentication', 'Logout', 'Successful'),
(0000000818, '', '2014-02-01 02:03:28', 'Authentication', 'Login', 'Successful'),
(0000000819, '', '2014-02-01 02:03:30', 'Authentication', 'Logout', 'Successful'),
(0000000820, '', '2014-02-01 02:03:35', 'Authentication', 'Login', 'Successful'),
(0000000821, '', '2014-02-01 02:03:44', 'Authentication', 'Login', 'Successful'),
(0000000822, '', '2014-02-01 02:03:45', 'Authentication', 'Logout', 'Successful'),
(0000000823, '', '2014-02-01 02:03:52', 'Authentication', 'Login', 'Successful'),
(0000000824, '', '2014-02-01 02:03:54', 'Authentication', 'Logout', 'Successful'),
(0000000825, '', '2014-02-01 02:03:59', 'Authentication', 'Login', 'Successful'),
(0000000826, '', '2014-02-01 02:22:42', 'Authentication', 'Logout', 'Successful'),
(0000000827, '', '2014-02-01 02:29:48', 'Authentication', 'Logout', 'Successful'),
(0000000828, '', '2014-02-01 02:30:03', 'Authentication', 'Logout', 'Successful'),
(0000000829, '', '2014-02-01 02:31:13', 'Authentication', 'Logout', 'Successful'),
(0000000830, '', '2014-02-01 03:01:17', 'Authentication', 'Logout', 'Successful'),
(0000000831, '', '2014-02-01 03:04:38', 'Authentication', 'Logout', 'Successful'),
(0000000832, '', '2014-02-01 03:04:48', 'Authentication', 'Logout', 'Successful'),
(0000000833, '', '2014-02-01 03:05:04', 'Authentication', 'Logout', 'Successful'),
(0000000834, '', '2014-02-01 03:06:09', 'Authentication', 'Logout', 'Successful'),
(0000000835, '', '2014-02-01 03:07:46', 'Authentication', 'Logout', 'Successful'),
(0000000836, '', '2014-02-01 03:10:03', 'Authentication', 'Logout', 'Successful'),
(0000000837, '', '2014-02-01 03:10:24', 'Authentication', 'Logout', 'Successful'),
(0000000838, '', '2014-02-01 03:49:51', 'Authentication', 'Logout', 'Successful'),
(0000000839, '', '2014-02-01 03:49:59', 'Authentication', 'Logout', 'Successful'),
(0000000840, '', '2014-02-01 03:50:08', 'Authentication', 'Logout', 'Successful'),
(0000000841, '', '2014-02-01 03:50:16', 'Authentication', 'Logout', 'Successful'),
(0000000842, '', '2014-02-01 03:50:25', 'Authentication', 'Logout', 'Successful'),
(0000000843, '', '2014-02-01 09:21:08', 'Authentication', 'Logout', 'Successful'),
(0000000844, '', '2014-02-02 07:02:10', 'Authentication', 'Logout', 'Successful'),
(0000000845, '', '2014-02-02 07:03:49', 'Authentication', 'Logout', 'Successful'),
(0000000846, '', '2014-02-02 07:04:24', 'Authentication', 'Logout', 'Successful');

-- --------------------------------------------------------

--
-- Table structure for table `tb_employee`
--

CREATE TABLE IF NOT EXISTS `tb_employee` (
  `id` int(11) NOT NULL AUTO_INCREMENT,
  `user_id` int(5) NOT NULL,
  `firstname` varchar(50) NOT NULL,
  `lastname` varchar(50) NOT NULL,
  `middlename` varchar(50) NOT NULL,
  `address` varchar(100) NOT NULL,
  `email` varchar(50) NOT NULL,
  `position` varchar(50) NOT NULL,
  `date_hired` date NOT NULL,
  `department` varchar(50) NOT NULL,
  `elem_school` varchar(50) NOT NULL,
  `h_school` varchar(50) NOT NULL,
  `c_school` varchar(50) NOT NULL,
  `status` varchar(50) NOT NULL,
  `contact_no` int(50) NOT NULL,
  PRIMARY KEY (`id`)
) ENGINE=InnoDB  DEFAULT CHARSET=latin1 AUTO_INCREMENT=2 ;

--
-- Dumping data for table `tb_employee`
--

INSERT INTO `tb_employee` (`id`, `user_id`, `firstname`, `lastname`, `middlename`, `address`, `email`, `position`, `date_hired`, `department`, `elem_school`, `h_school`, `c_school`, `status`, `contact_no`) VALUES
(1, 2, 'employee', 'employee', 'employee', 'employee', 'employee@yahoo.com', 'employee', '2014-04-08', 'employee', 'employee', 'employee', 'employee', 'employee', 12345678);

-- --------------------------------------------------------

--
-- Table structure for table `tb_leave`
--

CREATE TABLE IF NOT EXISTS `tb_leave` (
  `id` int(5) NOT NULL AUTO_INCREMENT,
  `emp_id` int(5) NOT NULL,
  `reason` varchar(200) NOT NULL,
  `contact_no` int(50) NOT NULL,
  `emp_name` varchar(100) NOT NULL,
  `start_date` date NOT NULL,
  `end_date` date NOT NULL,
  `status` varchar(50) NOT NULL,
  PRIMARY KEY (`id`)
) ENGINE=InnoDB  DEFAULT CHARSET=latin1 AUTO_INCREMENT=5 ;

--
-- Dumping data for table `tb_leave`
--

INSERT INTO `tb_leave` (`id`, `emp_id`, `reason`, `contact_no`, `emp_name`, `start_date`, `end_date`, `status`) VALUES
(1, 2, 'qweqweqwe', 213123123, 'qweqweqwe', '2050-01-01', '2050-01-01', 'PENDING'),
(2, 2, 'qweqweqwe', 213123123, 'qweqweqwe', '2050-01-01', '2050-01-01', 'PENDING'),
(3, 2, 'tyuiyui', 0, 'yuiyui', '2050-01-01', '2050-01-01', 'PENDING'),
(4, 2, 'jorel', 123123, 'jorel', '2050-01-01', '2050-01-01', 'PENDING');

-- --------------------------------------------------------

--
-- Table structure for table `tb_user`
--

CREATE TABLE IF NOT EXISTS `tb_user` (
  `id` int(5) NOT NULL AUTO_INCREMENT,
  `level` int(5) NOT NULL,
  `username` varchar(50) NOT NULL,
  `password` varchar(50) NOT NULL,
  `first_name` varchar(50) NOT NULL,
  `last_name` varchar(50) NOT NULL,
  `contact_no` int(15) NOT NULL,
  `email` varchar(100) NOT NULL,
  PRIMARY KEY (`id`)
) ENGINE=InnoDB  DEFAULT CHARSET=latin1 AUTO_INCREMENT=8 ;

--
-- Dumping data for table `tb_user`
--

INSERT INTO `tb_user` (`id`, `level`, `username`, `password`, `first_name`, `last_name`, `contact_no`, `email`) VALUES
(1, 1, 'superadmin', 'superadmin', 'superadmin', 'superadmin', 12345678, 'superadmin@yahoo.com'),
(2, 2, 'employee', 'employee', 'employee', 'employee', 123234234, 'employee@yahoo.com'),
(3, 3, 'customer', 'customer', 'customer', 'customer', 12345678, 'customer'),
(4, 4, 'os_admin', 'os_admin', 'os_admin', 'os_admin', 123456789, 'os_admin@yahoo.com'),
(5, 5, 'as_admin', 'as_admin', 'as_admin', 'as_admin', 123456789, 'as_admin@yahoo.com'),
(6, 6, 'emp_admin', 'emp_admin', 'emp_admin', 'emp_admin', 123456789, 'hk@yahoo.com'),
(7, 2, 'jayven', 'jayven', 'jayven', 'jayven', 123123123, 'jasdasd@yahoo.com');

/*!40101 SET CHARACTER_SET_CLIENT=@OLD_CHARACTER_SET_CLIENT */;
/*!40101 SET CHARACTER_SET_RESULTS=@OLD_CHARACTER_SET_RESULTS */;
/*!40101 SET COLLATION_CONNECTION=@OLD_COLLATION_CONNECTION */;
